FILEID,STUSAB,SUMLEV,GEOVAR,GEOCOMP,CHARITER,LOGRECNO,GEOID,GEOCODE,REGION,DIVISION,STATE,STATENS,COUNTY,COUNTYCC,COUNTYNS,CBSA,MEMI,CSA,METDIV,AREALAND,AREAWATR,BASENAME,NAME,FUNCSTAT,POP100,HU100,INTPTLAT,INTPTLON,LSADC,GEOID20,P0010001,P0010002,P0010003,P0010004,P0010005,P0010006,P0010007,P0010008,P0010009,P0010010,P0010011,P0010012,P0010013,P0010014,P0010015,P0010016,P0010017,P0010018,P0010019,P0010020,P0010021,P0010022,P0010023,P0010024,P0010025,P0010026,P0010027,P0010028,P0010029,P0010030,P0010031,P0010032,P0010033,P0010034,P0010035,P0010036,P0010037,P0010038,P0010039,P0010040,P0010041,P0010042,P0010043,P0010044,P0010045,P0010046,P0010047,P0010048,P0010049,P0010050,P0010051,P0010052,P0010053,P0010054,P0010055,P0010056,P0010057,P0010058,P0010059,P0010060,P0010061,P0010062,P0010063,P0010064,P0010065,P0010066,P0010067,P0010068,P0010069,P0010070,P0010071,P0020001,P0020002,P0020003,P0020004,P0020005,P0020006,P0020007,P0020008,P0020009,P0020010,P0020011,P0020012,P0020013,P0020014,P0020015,P0020016,P0020017,P0020018,P0020019,P0020020,P0020021,P0020022,P0020023,P0020024,P0020025,P0020026,P0020027,P0020028,P0020029,P0020030,P0020031,P0020032,P0020033,P0020034,P0020035,P0020036,P0020037,P0020038,P0020039,P0020040,P0020041,P0020042,P0020043,P0020044,P0020045,P0020046,P0020047,P0020048,P0020049,P0020050,P0020051,P0020052,P0020053,P0020054,P0020055,P0020056,P0020057,P0020058,P0020059,P0020060,P0020061,P0020062,P0020063,P0020064,P0020065,P0020066,P0020067,P0020068,P0020069,P0020070,P0020071,P0020072,P0020073,P0030001,P0030002,P0030003,P0030004,P0030005,P0030006,P0030007,P0030008,P0030009,P0030010,P0030011,P0030012,P0030013,P0030014,P0030015,P0030016,P0030017,P0030018,P0030019,P0030020,P0030021,P0030022,P0030023,P0030024,P0030025,P0030026,P0030027,P0030028,P0030029,P0030030,P0030031,P0030032,P0030033,P0030034,P0030035,P0030036,P0030037,P0030038,P0030039,P0030040,P0030041,P0030042,P0030043,P0030044,P0030045,P0030046,P0030047,P0030048,P0030049,P0030050,P0030051,P0030052,P0030053,P0030054,P0030055,P0030056,P0030057,P0030058,P0030059,P0030060,P0030061,P0030062,P0030063,P0030064,P0030065,P0030066,P0030067,P0030068,P0030069,P0030070,P0030071,P0040001,P0040002,P0040003,P0040004,P0040005,P0040006,P0040007,P0040008,P0040009,P0040010,P0040011,P0040012,P0040013,P0040014,P0040015,P0040016,P0040017,P0040018,P0040019,P0040020,P0040021,P0040022,P0040023,P0040024,P0040025,P0040026,P0040027,P0040028,P0040029,P0040030,P0040031,P0040032,P0040033,P0040034,P0040035,P0040036,P0040037,P0040038,P0040039,P0040040,P0040041,P0040042,P0040043,P0040044,P0040045,P0040046,P0040047,P0040048,P0040049,P0040050,P0040051,P0040052,P0040053,P0040054,P0040055,P0040056,P0040057,P0040058,P0040059,P0040060,P0040061,P0040062,P0040063,P0040064,P0040065,P0040066,P0040067,P0040068,P0040069,P0040070,P0040071,P0040072,P0040073,H0010001,H0010002,H0010003,P0050001,P0050002,P0050003,P0050004,P0050005,P0050006,P0050007,P0050008,P0050009,P0050010
PLST,LA,050,00,00,000,0000002,0500000US22001,22001,3,7,22,01629543,001,H1,00558389,29180,1,318,99999,1697073813,5934788,Acadia,Acadia Parish,A,57576,24840,+30.2914970,-092.4110366,15,22001,57576,55603,44480,9989,152,163,2,817,1973,1846,696,389,67,16,580,53,5,0,29,0,0,3,0,3,5,119,56,0,1,22,3,0,29,0,2,1,2,0,0,3,0,0,0,0,0,0,8,0,0,8,0,0,0,0,0,0,0,0,0,0,0,0,0,0,0,0,0,0,0,0,0,57576,1641,55935,54470,44115,9946,145,163,2,99,1465,1395,674,377,65,16,186,44,4,0,24,0,0,0,0,3,2,66,53,0,1,9,1,0,0,0,0,0,2,0,0,0,0,0,0,0,0,0,4,0,0,4,0,0,0,0,0,0,0,0,0,0,0,0,0,0,0,0,0,0,0,0,0,42943,41857,34071,7041,105,131,2,507,1086,1013,219,280,39,13,393,39,1,0,28,0,0,0,0,1,0,69,36,0,0,15,2,0,15,0,0,1,0,0,0,0,0,0,0,0,0,0,4,0,0,4,0,0,0,0,0,0,0,0,0,0,0,0,0,0,0,0,0,0,0,0,0,42943,1026,41917,41138,33847,7012,103,131,2,43,779,734,214,273,37,13,140,32,0,0,24,0,0,0,0,1,0,41,34,0,0,7,0,0,0,0,0,0,0,0,0,0,0,0,0,0,0,0,4,0,0,4,0,0,0,0,0,0,0,0,0,0,0,0,0,0,0,0,0,0,0,0,0,24840,22029,2811,699,567,49,38,480,0,132,0,0,132
PLST,LA,050,00,00,000,0000003,0500000US22003,22003,3,7,22,01629543,003,H1,00558397,99999,9,999,99999,1973788820,10457653,Allen,Allen Parish,A,22750,9484,+30.6527435,-092.8196052,15,22003,22750,21679,16327,4102,539,183,7,521,1071,961,261,394,22,9,197,36,9,2,20,7,1,0,0,1,2,100,23,9,0,13,14,3,10,6,8,4,0,0,6,0,0,0,2,0,0,2,10,0,0,5,1,0,0,0,0,0,0,3,0,0,0,1,0,0,0,0,0,0,0,0,0,22750,1893,20857,19938,15146,4016,525,183,7,61,919,840,255,391,19,9,96,36,7,1,18,7,1,0,0,0,0,78,21,9,0,11,10,3,0,6,6,4,0,0,6,0,0,0,0,0,0,2,1,0,0,0,0,0,0,0,0,0,0,1,0,0,0,0,0,0,0,0,0,0,0,0,0,17510,16935,12751,3157,393,143,7,484,575,514,52,245,9,4,155,12,9,2,16,7,1,0,0,0,2,56,16,0,0,3,6,3,4,6,6,4,0,0,4,0,0,0,2,0,0,2,5,0,0,1,0,0,0,0,0,0,0,3,0,0,0,1,0,0,0,0,0,0,0,0,0,17510,1755,15755,15274,11626,3074,381,143,7,43,481,431,52,245,9,4,79,12,7,1,14,7,1,0,0,0,0,49,16,0,0,2,6,3,0,6,6,4,0,0,4,0,0,0,0,0,0,2,1,0,0,0,0,0,0,0,0,0,0,1,0,0,0,0,0,0,0,0,0,0,0,0,0,9484,7851,1633,2810,2810,2747,7,56,0,0,0,0,0
PLST,LA,050,00,00,000,0000004,0500000US22005,22005,3,7,22,01629543,005,H1,00558403,12940,1,999,99999,751016878,32969822,Ascension,Ascension Parish,A,126500,49690,+30.2064437,-090.9125023,15,22005,126500,118718,81141,30521,513,1709,33,4801,7782,7344,1037,1272,518,35,3966,99,58,33,223,4,2,69,13,13,2,396,83,21,0,95,22,1,147,10,6,2,3,0,3,0,1,1,1,0,0,0,36,10,0,21,0,0,0,3,1,0,0,1,0,0,0,0,6,6,0,0,0,0,0,0,0,126500,10383,116117,112275,79645,30296,266,1681,32,355,3842,3645,984,1179,497,35,628,93,58,32,113,0,1,0,13,11,1,181,72,21,0,43,18,0,7,10,6,0,3,0,0,0,0,1,0,0,0,0,16,4,0,10,0,0,0,1,0,0,0,1,0,0,0,0,0,0,0,0,0,0,0,0,0,91957,87190,61136,21352,355,1250,23,3074,4767,4511,399,897,219,12,2666,67,29,11,143,4,1,46,9,7,1,234,53,8,0,51,10,1,90,10,4,2,3,0,0,0,1,1,0,0,0,0,16,6,0,9,0,0,0,1,0,0,0,0,0,0,0,0,6,6,0,0,0,0,0,0,0,91957,6661,85296,83112,60221,21222,188,1238,23,220,2184,2068,381,842,215,12,431,63,29,11,69,0,0,0,9,5,1,114,46,8,0,28,7,0,7,10,4,0,3,0,0,0,0,1,0,0,0,0,2,1,0,0,0,0,0,1,0,0,0,0,0,0,0,0,0,0,0,0,0,0,0,0,0,49690,45866,3824,628,569,311,0,258,0,59,0,0,59
PLST,LA,050,00,00,000,0000005,0500000US22007,22007,3,7,22,01629543,007,H1,00558414,12940,1,999,99999,891009958,67104891,Assumption,Assumption Parish,A,21039,9935,+29.9032998,-091.0652194,15,22007,21039,20184,13722,6013,102,62,0,285,855,811,141,145,27,1,454,29,0,1,7,0,2,2,1,0,1,42,14,1,0,8,1,0,7,1,4,2,0,1,0,0,1,2,0,0,0,0,2,0,0,0,0,1,0,0,0,0,0,0,1,0,0,0,0,0,0,0,0,0,0,0,0,21039,914,20125,19709,13580,5973,83,56,0,17,416,386,137,145,22,1,59,19,0,0,0,0,1,0,1,0,1,29,11,0,0,8,0,0,0,1,4,2,0,1,0,0,0,2,0,0,0,0,1,0,0,0,0,1,0,0,0,0,0,0,0,0,0,0,0,0,0,0,0,0,0,0,0,16616,16081,11145,4618,86,45,0,187,535,517,55,102,10,0,322,16,0,0,7,0,1,2,1,0,1,17,7,1,0,1,0,0,6,1,0,0,0,0,0,0,1,0,0,0,0,0,1,0,0,0,0,0,0,0,0,0,0,0,1,0,0,0,0,0,0,0,0,0,0,0,0,16616,631,15985,15756,11038,4586,75,44,0,13,229,220,55,102,7,0,40,14,0,0,0,0,0,0,1,0,1,9,7,0,0,1,0,0,0,1,0,0,0,0,0,0,0,0,0,0,0,0,0,0,0,0,0,0,0,0,0,0,0,0,0,0,0,0,0,0,0,0,0,0,0,0,0,9935,8409,1526,160,148,85,0,63,0,12,0,0,12
PLST,LA,050,00,00,000,0000006,0500000US22009,22009,3,7,22,01629543,009,H1,00558424,99999,9,999,99999,2154720636,87260610,Avoyelles,Avoyelles Parish,A,39693,18126,+31.0885030,-091.9832748,15,22009,39693,37886,25625,10706,364,359,9,823,1807,1694,684,383,56,2,345,162,7,6,29,3,0,5,3,6,3,101,41,2,6,14,3,0,14,0,0,7,1,0,8,0,0,3,1,0,1,0,10,0,0,1,0,5,0,0,1,0,2,0,0,1,0,0,2,2,0,0,0,0,0,0,0,39693,1485,38208,36688,25236,10649,349,345,3,106,1520,1444,684,351,54,2,143,161,7,6,20,3,0,1,3,6,3,72,37,2,6,14,3,0,0,0,0,2,0,0,5,0,0,3,0,0,0,0,4,0,0,1,0,0,0,0,1,0,2,0,0,0,0,0,0,0,0,0,0,0,0,0,0,30578,29428,20269,7805,258,331,7,758,1150,1074,328,296,36,1,273,101,5,5,16,3,0,2,3,2,3,72,27,2,6,4,2,0,14,0,0,7,1,0,5,0,0,3,1,0,0,0,2,0,0,0,0,0,0,0,1,0,0,0,0,1,0,0,2,2,0,0,0,0,0,0,0,30578,1257,29321,28374,19967,7768,248,321,1,69,947,895,328,277,34,1,120,100,5,5,13,3,0,1,3,2,3,51,27,2,6,4,2,0,0,0,0,2,0,0,5,0,0,3,0,0,0,0,1,0,0,0,0,0,0,0,1,0,0,0,0,0,0,0,0,0,0,0,0,0,0,0,0,18126,15181,2945,2797,2721,2101,23,597,0,76,0,0,76
PLST,LA,050,00,00,000,0000007,0500000US22011,22011,3,7,22,01629543,011,H1,00558436,19760,2,217,99999,2997852789,21944259,Beauregard,Beauregard Parish,A,36549,15771,+30.6450184,-093.3402526,15,22011,36549,34566,29529,4111,304,223,32,367,1983,1835,379,717,145,9,509,20,10,0,34,3,0,1,7,1,0,128,40,13,1,14,10,4,26,11,2,0,4,0,2,0,0,1,0,0,0,0,19,7,1,10,0,0,0,0,0,0,0,0,0,0,1,0,1,1,0,0,0,0,0,0,0,36549,1271,35278,33734,29039,4082,273,222,27,91,1544,1439,356,694,145,9,185,20,10,0,16,3,0,1,0,0,0,96,37,12,0,13,10,4,5,6,2,0,4,0,2,0,0,1,0,0,0,0,8,2,1,4,0,0,0,0,0,0,0,0,0,0,1,0,1,1,0,0,0,0,0,0,0,27489,26290,22304,3281,244,170,24,267,1199,1127,129,511,75,5,352,14,10,0,19,3,0,1,7,1,0,65,24,0,1,7,10,4,13,3,0,0,1,0,2,0,0,0,0,0,0,0,6,5,0,0,0,0,0,0,0,0,0,0,0,0,1,0,1,1,0,0,0,0,0,0,0,27489,828,26661,25723,21983,3263,217,170,19,71,938,884,119,498,75,5,148,14,10,0,11,3,0,1,0,0,0,51,21,0,0,7,10,4,3,3,0,0,1,0,2,0,0,0,0,0,0,0,2,1,0,0,0,0,0,0,0,0,0,0,0,0,1,0,1,1,0,0,0,0,0,0,0,15771,13797,1974,1062,1062,904,0,158,0,0,0,0,0
PLST,LA,050,00,00,000,0000008,0500000US22013,22013,3,7,22,01629543,013,H1,00558445,99999,9,999,99999,2101370397,27972980,Bienville,Bienville Parish,A,12981,6816,+32.3409517,-093.0411511,15,22013,12981,12406,6950,5307,62,21,5,61,575,528,222,141,34,6,95,21,0,3,5,0,1,0,0,0,0,39,11,5,0,8,1,0,3,1,0,0,0,0,7,3,0,0,0,0,0,0,8,0,0,6,0,0,2,0,0,0,0,0,0,0,0,0,0,0,0,0,0,0,0,0,0,12981,211,12770,12271,6901,5273,61,21,5,10,499,475,218,135,34,6,60,21,0,0,0,0,1,0,0,0,0,24,3,5,0,7,1,0,3,1,0,0,0,0,1,3,0,0,0,0,0,0,0,0,0,0,0,0,0,0,0,0,0,0,0,0,0,0,0,0,0,0,0,0,0,0,0,10073,9697,5486,4111,46,11,0,43,376,347,125,112,17,4,64,17,0,3,4,0,1,0,0,0,0,21,8,0,0,4,1,0,3,1,0,0,0,0,1,3,0,0,0,0,0,0,8,0,0,6,0,0,2,0,0,0,0,0,0,0,0,0,0,0,0,0,0,0,0,0,0,10073,141,9932,9608,5459,4082,46,11,0,10,324,312,125,106,17,4,42,17,0,0,0,0,1,0,0,0,0,12,0,0,0,3,1,0,3,1,0,0,0,0,1,3,0,0,0,0,0,0,0,0,0,0,0,0,0,0,0,0,0,0,0,0,0,0,0,0,0,0,0,0,0,0,0,6816,5459,1357,318,309,35,0,274,0,9,0,0,9
PLST,LA,050,00,00,000,0000009,0500000US22015,22015,3,7,22,01629543,015,H1,00558453,43340,1,508,99999,2174347392,70950348,Bossier,Bossier Parish,A,128746,55237,+32.6984813,-093.6265609,15,22015,128746,119411,81052,30099,797,2396,119,4948,9335,8719,1485,2306,916,87,3205,177,159,22,225,5,6,57,32,30,7,552,150,76,2,74,49,5,101,49,13,12,2,2,1,5,10,0,1,0,0,0,64,17,3,34,0,2,3,1,0,1,0,0,0,0,3,0,0,0,0,0,0,0,0,0,0,128746,10237,118509,112357,78982,29868,573,2341,113,480,6152,5765,1385,2129,851,82,797,170,154,21,121,0,6,5,31,8,5,349,129,76,2,19,46,3,11,47,3,0,0,2,1,5,4,0,1,0,0,0,38,15,1,13,0,2,3,1,0,0,0,0,0,0,3,0,0,0,0,0,0,0,0,0,0,95876,90068,62931,21336,617,1889,90,3205,5808,5480,514,1740,463,50,2222,126,108,14,147,5,4,39,26,18,4,306,89,31,1,35,18,5,72,25,4,9,2,2,0,5,8,0,0,0,0,0,22,6,3,10,0,0,0,0,0,0,0,0,0,0,3,0,0,0,0,0,0,0,0,0,0,95876,6619,89257,85493,61602,21217,456,1846,84,288,3764,3566,484,1629,438,48,599,120,103,14,89,0,4,5,26,3,4,188,77,31,1,14,18,3,10,23,0,0,0,2,0,5,4,0,0,0,0,0,10,4,1,2,0,0,0,0,0,0,0,0,0,0,3,0,0,0,0,0,0,0,0,0,0,55237,50092,5145,2174,1661,979,19,663,0,513,0,316,197
PLST,LA,050,00,00,000,0000010,0500000US22017,22017,3,7,22,01629543,017,H1,00558458,43340,1,508,99999,2277812437,149099670,Caddo,Caddo Parish,A,237848,112323,+32.5801062,-093.8849698,15,22017,237848,226988,103457,115298,1093,3206,126,3808,10860,10080,2176,2566,717,69,3204,536,179,26,513,11,1,46,22,9,5,724,281,59,8,132,48,3,131,10,7,1,0,0,14,21,7,0,1,1,0,0,51,11,0,28,0,2,1,1,0,0,0,0,0,0,8,0,4,0,2,0,1,1,0,1,1,237848,8381,229467,221546,101727,114769,895,3179,120,856,7921,7385,2104,2415,695,69,988,520,170,22,360,10,1,11,16,2,2,502,253,59,8,81,38,3,13,10,4,0,0,0,13,18,2,0,0,0,0,0,31,10,0,11,0,0,1,1,0,0,0,0,0,0,8,0,2,0,0,0,1,1,0,1,1,182407,175290,85059,84143,890,2523,98,2577,7117,6608,1038,1947,403,39,2308,381,93,17,318,11,1,29,16,7,0,465,195,30,1,73,30,0,91,10,5,1,0,0,12,10,5,0,1,1,0,0,39,6,0,26,0,2,1,0,0,0,0,0,0,0,4,0,4,0,2,0,1,1,0,1,1,182407,5618,176789,171593,83857,83807,744,2504,92,589,5196,4838,1006,1872,390,39,778,366,88,17,246,10,1,7,16,2,0,335,175,30,1,60,26,0,9,10,4,0,0,0,11,7,2,0,0,0,0,0,20,6,0,9,0,0,1,0,0,0,0,0,0,0,4,0,2,0,0,0,1,1,0,1,1,112323,99029,13294,4079,3400,1214,56,2130,0,679,248,0,431
PLST,LA,050,00,00,000,0000011,0500000US22019,22019,3,7,22,01629543,019,H1,00558468,29340,1,324,99999,2755963714,77908794,Calcasieu,Calcasieu Parish,A,216785,93232,+30.2295588,-093.3580154,15,22019,216785,204918,139772,55263,1100,3827,138,4818,11867,11020,2419,2216,740,87,4337,337,59,17,696,13,4,45,20,21,9,751,284,25,3,154,36,11,160,20,13,0,1,3,27,5,4,5,0,0,0,0,85,14,0,50,1,5,0,3,7,0,2,1,2,0,0,0,8,6,2,0,0,0,0,3,3,216785,11384,205401,197624,137110,54825,902,3797,137,853,7777,7233,2338,2094,719,81,1069,330,59,17,467,9,0,7,20,19,4,499,246,25,3,112,35,11,13,20,0,0,1,3,27,0,3,0,0,0,0,0,39,14,0,13,1,5,0,1,0,0,2,1,2,0,0,0,4,2,2,0,0,0,0,2,2,163166,155652,108789,39719,811,2938,104,3291,7514,6976,1037,1644,347,55,3057,232,42,10,463,8,4,34,18,16,9,466,199,12,1,90,14,4,107,10,3,0,0,3,16,0,2,5,0,0,0,0,67,14,0,40,0,5,0,3,0,0,2,1,2,0,0,0,2,2,0,0,0,0,0,3,3,163166,7570,155596,150810,107077,39470,660,2908,103,592,4786,4425,1006,1584,343,49,785,232,42,10,327,4,0,7,18,14,4,319,176,12,1,72,14,4,9,10,0,0,0,3,16,0,2,0,0,0,0,0,38,14,0,13,0,5,0,1,0,0,2,1,2,0,0,0,2,2,0,0,0,0,0,2,2,93232,83865,9367,2616,2097,1018,62,829,188,519,357,0,162
PLST,LA,050,00,00,000,0000012,0500000US22021,22021,3,7,22,01629543,021,H1,00558477,99999,9,999,99999,1372098436,29104196,Caldwell,Caldwell Parish,A,9645,4583,+32.1012195,-092.1142311,15,22021,9645,9301,7646,1534,19,42,3,57,344,329,73,127,8,12,94,0,0,0,11,0,0,4,0,0,0,9,4,0,0,0,0,0,0,0,1,0,0,0,0,0,3,1,0,0,0,0,5,1,0,4,0,0,0,0,0,0,0,0,0,0,0,0,1,0,1,0,0,0,0,0,0,9645,221,9424,9149,7551,1528,19,42,3,6,275,266,73,117,8,10,54,0,0,0,1,0,0,3,0,0,0,8,4,0,0,0,0,0,0,0,1,0,0,0,0,0,3,0,0,0,0,0,1,1,0,0,0,0,0,0,0,0,0,0,0,0,0,0,0,0,0,0,0,0,0,0,0,7478,7265,5969,1195,10,42,3,46,213,202,13,105,3,4,70,0,0,0,6,0,0,1,0,0,0,6,1,0,0,0,0,0,0,0,1,0,0,0,0,0,3,1,0,0,0,0,4,0,0,4,0,0,0,0,0,0,0,0,0,0,0,0,1,0,1,0,0,0,0,0,0,7478,163,7315,7150,5906,1189,10,42,3,0,165,160,13,101,3,2,40,0,0,0,1,0,0,0,0,0,0,5,1,0,0,0,0,0,0,0,1,0,0,0,0,0,3,0,0,0,0,0,0,0,0,0,0,0,0,0,0,0,0,0,0,0,0,0,0,0,0,0,0,0,0,0,0,4583,3752,831,726,709,586,46,77,0,17,0,0,17
PLST,LA,050,00,00,000,0000013,0500000US22023,22023,3,7,22,01629543,023,H1,00558488,29340,1,324,99999,3327199807,1688890197,Cameron,Cameron Parish,A,5617,4175,+29.8718120,-093.1649478,15,22023,5617,5416,5232,72,28,13,1,70,201,180,21,44,10,0,84,6,2,0,3,0,0,3,5,2,0,6,2,0,0,2,0,0,0,0,0,0,0,0,2,0,0,0,0,0,0,0,15,3,0,8,0,0,4,0,0,0,0,0,0,0,0,0,0,0,0,0,0,0,0,0,0,5617,197,5420,5295,5174,71,28,13,1,8,125,121,21,44,9,0,36,1,2,0,1,0,0,2,5,0,0,1,1,0,0,0,0,0,0,0,0,0,0,0,0,0,0,0,0,0,0,0,3,3,0,0,0,0,0,0,0,0,0,0,0,0,0,0,0,0,0,0,0,0,0,0,0,4358,4224,4100,51,16,13,1,43,134,117,5,31,3,0,65,5,0,0,1,0,0,0,5,2,0,5,1,0,0,2,0,0,0,0,0,0,0,0,2,0,0,0,0,0,0,0,12,2,0,8,0,0,2,0,0,0,0,0,0,0,0,0,0,0,0,0,0,0,0,0,0,4358,130,4228,4150,4063,51,16,13,1,6,78,76,5,31,2,0,31,1,0,0,1,0,0,0,5,0,0,0,0,0,0,0,0,0,0,0,0,0,0,0,0,0,0,0,0,0,0,0,2,2,0,0,0,0,0,0,0,0,0,0,0,0,0,0,0,0,0,0,0,0,0,0,0,4175,2121,2054,24,24,24,0,0,0,0,0,0,0
PLST,LA,050,00,00,000,0000014,0500000US22025,22025,3,7,22,01629543,025,H1,00558495,99999,9,999,99999,1833776037,81356082,Catahoula,Catahoula Parish,A,8906,4412,+31.6665170,-091.8467030,15,22025,8906,8662,5776,2297,46,28,6,509,244,228,55,71,10,0,53,8,1,5,16,1,0,2,5,0,1,10,6,0,0,0,0,0,0,0,2,1,0,0,0,1,0,0,0,0,0,0,5,0,0,1,0,2,2,0,0,0,0,0,0,0,0,0,0,0,0,0,0,0,0,1,1,8906,614,8292,8089,5738,2275,34,26,6,10,203,192,55,64,10,0,33,8,0,2,13,1,0,0,5,0,1,7,6,0,0,0,0,0,0,0,0,0,0,0,0,1,0,0,0,0,0,0,3,0,0,1,0,2,0,0,0,0,0,0,0,0,0,0,0,0,0,0,0,0,0,1,1,6951,6792,4557,1679,28,24,5,499,159,144,26,59,2,0,33,6,1,0,12,0,0,0,5,0,0,10,6,0,0,0,0,0,0,0,2,1,0,0,0,1,0,0,0,0,0,0,4,0,0,0,0,2,2,0,0,0,0,0,0,0,0,0,0,0,0,0,0,0,0,1,1,6951,558,6393,6252,4531,1666,18,22,5,10,141,131,26,59,2,0,24,6,0,0,9,0,0,0,5,0,0,7,6,0,0,0,0,0,0,0,0,0,0,0,0,1,0,0,0,0,0,0,2,0,0,0,0,2,0,0,0,0,0,0,0,0,0,0,0,0,0,0,0,0,0,1,1,4412,3505,907,493,493,493,0,0,0,0,0,0,0
PLST,LA,050,00,00,000,0000015,0500000US22027,22027,3,7,22,01629543,027,H1,00558505,99999,9,999,99999,1954908518,32473223,Claiborne,Claiborne Parish,A,14170,6775,+32.8271597,-092.9897278,15,22027,14170,13741,7263,6184,43,42,0,209,429,384,117,138,29,3,62,14,5,0,4,2,0,3,0,7,0,36,10,0,0,4,1,0,1,0,3,0,12,0,0,3,0,0,0,1,0,1,6,2,0,3,0,0,0,0,0,0,0,1,0,0,0,0,3,0,1,0,0,2,0,0,0,14170,479,13691,13308,7064,6138,43,42,0,21,383,352,117,136,28,3,40,14,5,0,4,2,0,3,0,0,0,28,10,0,0,4,0,0,0,0,0,0,12,0,0,0,0,0,0,1,0,1,2,2,0,0,0,0,0,0,0,0,0,0,0,0,0,0,1,0,1,0,0,0,0,0,0,11507,11224,6258,4731,33,33,0,169,283,258,53,104,17,0,61,14,0,0,4,0,0,3,0,2,0,19,6,0,0,3,0,0,0,0,1,0,7,0,0,0,0,0,0,1,0,1,5,2,0,3,0,0,0,0,0,0,0,0,0,0,0,0,1,0,1,0,0,0,0,0,0,11507,403,11104,10851,6074,4706,33,33,0,5,253,232,53,102,17,0,39,14,0,0,4,0,0,3,0,0,0,18,6,0,0,3,0,0,0,0,0,0,7,0,0,0,0,0,0,1,0,1,2,2,0,0,0,0,0,0,0,0,0,0,0,0,0,0,1,0,1,0,0,0,0,0,0,6775,5498,1277,1805,1795,1635,0,160,0,10,0,0,10
PLST,LA,050,00,00,000,0000016,0500000US22029,22029,3,7,22,01629543,029,H1,00558515,35020,2,999,99999,1805360346,130322878,Concordia,Concordia Parish,A,18687,8964,+31.4698053,-091.6263150,15,22029,18687,18140,10275,7518,50,117,0,180,547,517,153,174,0,0,149,21,0,2,14,2,0,0,0,0,2,24,4,0,4,1,2,0,7,0,1,1,0,0,4,0,0,0,0,0,0,0,3,0,0,1,0,0,0,0,0,2,0,0,0,0,0,0,3,3,0,0,0,0,0,0,0,18687,459,18228,17804,10157,7477,39,115,0,16,424,405,149,171,0,0,53,18,0,2,9,2,0,0,0,0,1,17,4,0,4,1,0,0,2,0,1,1,0,0,4,0,0,0,0,0,0,0,2,0,0,0,0,0,0,0,0,2,0,0,0,0,0,0,0,0,0,0,0,0,0,0,0,14217,13891,8108,5517,39,99,0,128,326,312,64,126,0,0,100,15,0,0,7,0,0,0,0,0,0,14,2,0,4,1,0,0,2,0,1,1,0,0,3,0,0,0,0,0,0,0,0,0,0,0,0,0,0,0,0,0,0,0,0,0,0,0,0,0,0,0,0,0,0,0,0,14217,310,13907,13646,8013,5493,34,97,0,9,261,247,64,126,0,0,40,12,0,0,5,0,0,0,0,0,0,14,2,0,4,1,0,0,2,0,1,1,0,0,3,0,0,0,0,0,0,0,0,0,0,0,0,0,0,0,0,0,0,0,0,0,0,0,0,0,0,0,0,0,0,0,0,8964,7225,1739,872,851,746,0,105,0,21,0,0,21
PLST,LA,050,00,00,000,0000017,0500000US22031,22031,3,7,22,01629543,031,H1,00558521,43340,1,508,99999,2269991655,46990189,De Soto,De Soto Parish,A,26812,12355,+32.0592476,-093.7407968,15,22031,26812,25675,15284,9621,269,99,0,402,1137,1035,195,443,11,0,293,39,0,2,43,0,3,0,1,2,3,98,45,0,2,11,2,6,19,0,2,0,0,0,3,8,0,0,0,0,0,0,2,2,0,0,0,0,0,0,0,0,0,0,0,0,0,0,2,1,1,0,0,0,0,0,0,26812,762,26050,25121,15122,9586,242,99,0,72,929,852,195,430,11,0,150,38,0,2,20,0,3,0,0,2,1,75,39,0,2,11,0,6,7,0,2,0,0,0,0,8,0,0,0,0,0,0,0,0,0,0,0,0,0,0,0,0,0,0,0,0,0,0,2,1,1,0,0,0,0,0,0,20440,19731,11909,7278,205,73,0,266,709,661,70,332,11,0,195,24,0,0,24,0,3,0,0,0,2,45,19,0,2,5,0,3,14,0,2,0,0,0,0,0,0,0,0,0,0,0,2,2,0,0,0,0,0,0,0,0,0,0,0,0,0,0,1,0,1,0,0,0,0,0,0,20440,495,19945,19356,11802,7261,184,73,0,36,589,561,70,328,11,0,107,24,0,0,17,0,3,0,0,0,1,27,13,0,2,5,0,3,2,0,2,0,0,0,0,0,0,0,0,0,0,0,0,0,0,0,0,0,0,0,0,0,0,0,0,0,0,0,1,0,1,0,0,0,0,0,0,12355,10689,1666,297,270,89,0,181,0,27,0,0,27
PLST,LA,050,00,00,000,0000018,0500000US22033,22033,3,7,22,01629543,033,H6,00558530,12940,1,999,99999,1179744893,38443656,East Baton Rouge,East Baton Rouge Parish,B,456781,204359,+30.5439297,-091.0931310,15,22033,456781,434158,196069,206681,1285,14499,121,15503,22623,21183,3492,3069,1679,70,10453,813,363,39,990,15,1,115,23,51,10,1296,436,65,16,299,51,4,253,35,69,5,9,0,27,13,9,5,0,0,0,0,139,30,0,93,1,3,7,1,1,0,0,0,3,0,0,0,5,1,3,0,0,1,0,0,0,456781,30551,426230,413738,191355,205552,773,14388,106,1564,12492,11589,3320,2920,1625,67,1793,782,353,34,613,15,0,9,17,41,0,805,405,59,16,151,44,0,41,30,11,0,9,0,20,10,7,2,0,0,0,0,93,30,0,51,1,0,7,1,0,0,0,0,3,0,0,0,5,1,3,0,0,1,0,0,0,355612,339684,163881,152669,986,11457,110,10581,15928,15001,1915,2485,987,42,7852,612,207,30,704,15,1,91,23,27,10,816,301,31,4,177,22,4,180,28,37,0,0,0,19,8,2,3,0,0,0,0,107,26,0,70,1,0,7,1,1,0,0,0,1,0,0,0,4,0,3,0,0,1,0,0,0,355612,21539,334073,325578,160428,151916,618,11385,95,1136,8495,7924,1832,2384,965,39,1368,581,203,25,467,15,0,7,17,21,0,488,284,28,4,79,22,0,22,23,4,0,0,0,12,8,2,0,0,0,0,0,79,26,0,43,1,0,7,1,0,0,0,0,1,0,0,0,4,0,3,0,0,1,0,0,0,204359,181478,22881,17336,4238,2008,119,2111,0,13098,11082,0,2016
PLST,LA,050,00,00,000,0000019,0500000US22035,22035,3,7,22,01629543,035,H1,00558534,99999,9,999,99999,1090092484,56411688,East Carroll,East Carroll Parish,A,7459,2791,+32.7301699,-091.2341409,15,22035,7459,7299,2054,5188,3,19,0,35,160,125,51,37,5,1,20,3,0,0,1,0,0,0,2,0,5,18,3,0,0,9,0,0,3,0,0,0,0,0,2,0,0,1,0,0,0,0,13,6,1,0,0,1,2,3,0,0,0,0,0,0,0,0,4,0,4,0,0,0,0,0,0,7459,115,7344,7222,2034,5164,2,17,0,5,122,99,51,34,2,1,7,3,0,0,1,0,0,0,0,0,0,9,1,0,0,5,0,0,0,0,0,0,0,0,2,0,0,1,0,0,0,0,10,6,1,0,0,0,2,1,0,0,0,0,0,0,0,0,4,0,4,0,0,0,0,0,0,5901,5794,1773,3979,3,17,0,22,107,80,36,22,0,0,17,3,0,0,0,0,0,0,2,0,0,14,2,0,0,7,0,0,2,0,0,0,0,0,2,0,0,1,0,0,0,0,9,6,1,0,0,0,2,0,0,0,0,0,0,0,0,0,4,0,4,0,0,0,0,0,0,5901,80,5821,5740,1753,3967,2,17,0,1,81,62,36,19,0,0,4,3,0,0,0,0,0,0,0,0,0,6,0,0,0,3,0,0,0,0,0,0,0,0,2,0,0,1,0,0,0,0,9,6,1,0,0,0,2,0,0,0,0,0,0,0,0,0,4,0,4,0,0,0,0,0,0,2791,2375,416,1647,1647,1595,0,52,0,0,0,0,0
PLST,LA,050,00,00,000,0000020,0500000US22037,22037,3,7,22,01629543,037,H1,00558542,12940,1,999,99999,1174022934,6150603,East Feliciana,East Feliciana Parish,A,19539,8063,+30.8397837,-091.0434338,15,22037,19539,18939,11516,7139,61,48,11,164,600,542,117,196,29,0,154,27,7,0,5,0,0,3,2,2,0,44,14,1,0,4,5,0,0,4,1,0,0,0,3,6,4,0,0,0,2,0,8,0,0,5,0,2,0,0,0,0,0,1,0,0,0,0,6,0,0,0,6,0,0,0,0,19539,391,19148,18676,11411,7108,60,46,9,42,472,433,113,182,29,0,74,23,5,0,3,0,0,0,2,2,0,31,14,1,0,4,2,0,0,1,0,0,0,0,2,3,4,0,0,0,0,0,2,0,0,1,0,0,0,0,0,0,0,1,0,0,0,0,6,0,0,0,6,0,0,0,0,16183,15760,9740,5790,48,41,6,135,423,377,57,147,17,0,125,14,7,0,5,0,0,3,0,2,0,32,14,1,0,4,0,0,0,1,0,0,0,0,2,6,4,0,0,0,0,0,8,0,0,5,0,2,0,0,0,0,0,1,0,0,0,0,6,0,0,0,6,0,0,0,0,16183,317,15866,15540,9651,5766,47,41,6,29,326,289,53,137,17,0,58,14,5,0,3,0,0,0,0,2,0,29,14,1,0,4,0,0,0,1,0,0,0,0,2,3,4,0,0,0,0,0,2,0,0,1,0,0,0,0,0,0,0,1,0,0,0,0,6,0,0,0,6,0,0,0,0,8063,6886,1177,2827,2438,1750,0,363,325,389,0,0,389
PLST,LA,050,00,00,000,0000021,0500000US22039,22039,3,7,22,01629543,039,H1,00558551,99999,9,999,99999,1715687375,44662183,Evangeline,Evangeline Parish,A,32350,14416,+30.7206932,-092.4040858,15,22039,32350,31181,21354,8664,57,183,2,921,1169,1094,451,207,50,6,311,21,1,7,37,0,0,2,1,0,0,58,24,0,2,10,0,0,14,0,2,0,3,0,0,0,0,0,0,3,0,0,14,5,1,0,6,0,0,0,1,0,1,0,0,0,0,0,3,3,0,0,0,0,0,0,0,32350,1336,31014,30092,21162,8609,45,183,2,91,922,873,449,203,50,6,97,21,0,7,37,0,0,2,1,0,0,33,22,0,0,0,0,0,6,0,1,0,1,0,0,0,0,0,0,3,0,0,13,5,1,0,6,0,0,0,0,0,1,0,0,0,0,0,3,3,0,0,0,0,0,0,0,24408,23729,16460,6217,48,160,2,842,679,620,175,153,22,1,216,21,1,7,21,0,0,2,1,0,0,51,22,0,2,7,0,0,14,0,1,0,2,0,0,0,0,0,0,3,0,0,5,5,0,0,0,0,0,0,0,0,0,0,0,0,0,0,3,3,0,0,0,0,0,0,0,24408,1111,23297,22783,16341,6179,41,160,2,60,514,474,174,153,22,1,72,21,0,7,21,0,0,2,1,0,0,32,22,0,0,0,0,0,6,0,1,0,0,0,0,0,0,0,0,3,0,0,5,5,0,0,0,0,0,0,0,0,0,0,0,0,0,0,3,3,0,0,0,0,0,0,0,14416,12728,1688,1439,1401,967,0,434,0,38,0,0,38
PLST,LA,050,00,00,000,0000022,0500000US22041,22041,3,7,22,01629543,041,H1,00558557,99999,9,999,99999,1616925546,28050179,Franklin,Franklin Parish,A,19774,8883,+32.1390764,-091.6723711,15,22041,19774,19195,12492,6554,31,41,0,77,579,523,185,165,13,1,126,16,0,0,9,5,0,0,2,0,1,32,5,4,0,0,3,2,7,1,1,0,0,1,1,3,4,0,0,0,0,0,19,7,0,5,3,0,0,4,0,0,0,0,0,0,0,0,2,0,2,0,0,0,0,3,3,19774,276,19498,19019,12430,6508,26,38,0,17,479,442,181,161,5,0,74,14,0,0,2,5,0,0,0,0,0,24,5,4,0,0,3,2,0,1,0,0,0,1,1,3,4,0,0,0,0,0,11,4,0,0,3,0,0,4,0,0,0,0,0,0,0,0,2,0,2,0,0,0,0,0,0,15028,14674,9901,4655,28,32,0,58,354,325,77,125,9,0,93,11,0,0,8,0,0,0,2,0,0,15,5,4,0,0,0,0,0,0,0,0,0,0,1,1,4,0,0,0,0,0,9,4,0,1,3,0,0,1,0,0,0,0,0,0,0,0,2,0,2,0,0,0,0,3,3,15028,183,14845,14547,9854,4630,23,31,0,9,298,273,77,121,3,0,61,9,0,0,2,0,0,0,0,0,0,15,5,4,0,0,0,0,0,0,0,0,0,0,1,1,4,0,0,0,0,0,8,4,0,0,3,0,0,1,0,0,0,0,0,0,0,0,2,0,2,0,0,0,0,0,0,8883,7727,1156,337,274,0,0,274,0,63,0,0,63
PLST,LA,050,00,00,000,0000023,0500000US22043,22043,3,7,22,01629543,043,H1,00558567,10780,1,999,99999,1665848458,56005520,Grant,Grant Parish,A,22169,8971,+31.5977873,-092.5617156,15,22043,22169,21200,17709,3108,206,67,6,104,969,893,146,414,41,4,234,9,4,2,26,4,2,5,0,2,0,65,17,0,1,4,14,6,11,0,5,0,0,0,1,4,0,2,0,0,0,0,11,3,0,8,0,0,0,0,0,0,0,0,0,0,0,0,0,0,0,0,0,0,0,0,0,22169,1333,20836,20046,16678,3060,193,67,6,42,790,747,137,402,36,4,125,9,4,2,23,3,1,0,0,1,0,40,16,0,1,0,7,6,0,0,4,0,0,0,0,4,0,2,0,0,0,0,3,3,0,0,0,0,0,0,0,0,0,0,0,0,0,0,0,0,0,0,0,0,0,0,0,17527,16913,13964,2629,179,67,6,68,614,583,53,309,24,4,164,9,0,1,9,4,1,5,0,0,0,27,10,0,0,0,2,6,7,0,0,0,0,0,0,0,0,2,0,0,0,0,4,3,0,1,0,0,0,0,0,0,0,0,0,0,0,0,0,0,0,0,0,0,0,0,0,17527,1179,16348,15826,12971,2592,166,67,6,24,522,499,53,297,22,4,103,9,0,1,6,3,1,0,0,0,0,20,10,0,0,0,2,6,0,0,0,0,0,0,0,0,0,2,0,0,0,0,3,3,0,0,0,0,0,0,0,0,0,0,0,0,0,0,0,0,0,0,0,0,0,0,0,8971,7823,1148,2940,2933,2778,0,155,0,7,0,0,7
PLST,LA,050,00,00,000,0000024,0500000US22045,22045,3,7,22,01629543,045,H1,00558576,29180,1,318,99999,1485913496,1182061975,Iberia,Iberia Parish,A,69929,30924,+29.6060126,-091.8427057,15,22045,69929,66207,39206,23162,307,1943,3,1586,3722,3461,955,401,164,20,1638,81,11,6,152,0,0,26,3,1,3,238,75,12,8,69,2,0,60,5,4,0,0,0,3,0,0,0,0,0,0,0,19,0,0,8,1,0,0,1,0,0,0,2,7,0,0,0,4,1,3,0,0,0,0,0,0,69929,3897,66032,63966,38572,22984,247,1933,3,227,2066,1898,925,378,161,20,197,79,11,3,120,0,0,0,3,1,0,148,69,12,8,42,0,0,9,5,0,0,0,0,3,0,0,0,0,0,0,0,16,0,0,8,1,0,0,0,0,0,0,0,7,0,0,0,4,1,3,0,0,0,0,0,0,52791,50491,31295,16474,207,1475,3,1037,2300,2144,320,321,79,11,1230,61,2,5,95,0,0,14,3,0,3,136,46,3,4,36,0,0,39,5,0,0,0,0,3,0,0,0,0,0,0,0,16,0,0,8,1,0,0,0,0,0,0,0,7,0,0,0,4,1,3,0,0,0,0,0,0,52791,2657,50134,49030,30879,16367,169,1467,3,145,1104,994,320,298,76,11,141,59,2,2,82,0,0,0,3,0,0,90,45,3,4,24,0,0,6,5,0,0,0,0,3,0,0,0,0,0,0,0,16,0,0,8,1,0,0,0,0,0,0,0,7,0,0,0,4,1,3,0,0,0,0,0,0,30924,27016,3908,669,581,374,0,207,0,88,0,0,88
PLST,LA,050,00,00,000,0000025,0500000US22047,22047,3,7,22,01629543,047,H1,00558582,12940,1,999,99999,1602476038,88659446,Iberville,Iberville Parish,A,30241,13198,+30.2706526,-091.3658718,15,22047,30241,29165,14833,13377,67,123,13,752,1076,995,228,185,48,1,435,32,10,2,30,4,0,5,13,1,1,62,14,0,0,12,8,0,16,2,3,0,3,0,0,1,2,0,0,0,1,0,16,10,0,2,2,0,2,0,0,0,0,0,0,0,0,0,3,3,0,0,0,0,0,0,0,30241,1418,28823,28214,14632,13313,58,123,13,75,609,584,216,163,48,1,70,32,10,2,28,2,0,0,11,1,0,22,10,0,0,0,1,0,0,2,3,0,3,0,0,1,1,0,0,0,1,0,0,0,0,0,0,0,0,0,0,0,0,0,0,0,0,0,3,3,0,0,0,0,0,0,0,24086,23336,12462,10027,58,98,10,681,750,690,125,144,26,1,329,21,6,0,15,4,0,4,13,1,1,41,14,0,0,0,7,0,14,0,0,0,3,0,0,1,1,0,0,0,1,0,16,10,0,2,2,0,2,0,0,0,0,0,0,0,0,0,3,3,0,0,0,0,0,0,0,24086,1187,22899,22493,12300,9977,49,98,10,59,406,387,125,133,26,1,48,21,6,0,13,2,0,0,11,1,0,16,10,0,0,0,1,0,0,0,0,0,3,0,0,1,0,0,0,0,1,0,0,0,0,0,0,0,0,0,0,0,0,0,0,0,0,0,3,3,0,0,0,0,0,0,0,13198,11208,1990,2773,2411,2225,0,186,0,362,0,343,19
PLST,LA,050,00,00,000,0000026,0500000US22049,22049,3,7,22,01629543,049,H1,00558592,99999,9,999,99999,1474681465,28647417,Jackson,Jackson Parish,A,15031,7182,+32.3042901,-092.5616997,15,22049,15031,14418,9967,3956,37,149,5,304,613,545,137,204,14,1,158,5,0,0,24,2,0,0,0,0,0,54,24,0,0,8,7,1,13,0,0,0,0,0,0,0,1,0,0,0,0,0,10,6,0,0,1,0,0,0,0,0,3,0,0,0,0,0,4,4,0,0,0,0,0,0,0,15031,468,14563,14049,9896,3945,34,146,5,23,514,466,135,194,14,1,112,4,0,0,4,2,0,0,0,0,0,34,20,0,0,6,7,1,0,0,0,0,0,0,0,0,0,0,0,0,0,0,10,6,0,0,1,0,0,0,0,0,3,0,0,0,0,0,4,4,0,0,0,0,0,0,0,11783,11418,7967,3025,30,130,5,261,365,336,48,144,7,1,110,5,0,0,21,0,0,0,0,0,0,16,15,0,0,0,0,0,0,0,0,0,0,0,0,0,1,0,0,0,0,0,9,6,0,0,0,0,0,0,0,0,3,0,0,0,0,0,4,4,0,0,0,0,0,0,0,11783,372,11411,11105,7922,3014,30,127,5,7,306,282,46,138,7,1,82,4,0,0,4,0,0,0,0,0,0,11,11,0,0,0,0,0,0,0,0,0,0,0,0,0,0,0,0,0,0,0,9,6,0,0,0,0,0,0,0,0,3,0,0,0,0,0,4,4,0,0,0,0,0,0,0,7182,6064,1118,681,674,499,0,175,0,7,0,0,7
PLST,LA,050,00,00,000,0000027,0500000US22051,22051,3,7,22,01629543,051,H1,00558027,35380,1,406,99999,779455288,883412483,Jefferson,Jefferson Parish,A,440781,193878,+29.5033000,-090.0362310,15,22051,440781,397972,220935,117892,2524,19780,152,36689,42809,40608,3516,4150,2579,94,25896,607,271,46,2564,48,3,519,62,182,71,1971,438,131,22,439,102,10,479,34,191,17,4,1,60,5,9,4,1,7,0,17,210,42,0,129,8,3,3,4,13,1,0,5,0,0,2,0,20,3,13,0,0,4,0,0,0,440781,79057,361724,347614,208385,115900,1317,19528,105,2379,14110,13105,3235,3209,2425,88,2525,541,253,46,590,45,3,25,58,59,3,904,358,122,22,146,83,7,42,34,36,3,4,0,18,5,9,3,0,1,0,11,91,32,0,40,8,0,0,3,1,0,0,5,0,0,2,0,10,3,4,0,0,3,0,0,0,344654,314282,184135,87526,1899,15731,105,24886,30372,28987,1574,3207,1525,70,19685,406,152,21,1703,43,3,368,43,128,59,1231,285,56,10,243,70,2,355,26,91,12,4,1,41,4,8,1,1,7,0,14,136,16,0,95,8,3,0,0,11,1,0,2,0,0,0,0,18,3,13,0,0,2,0,0,0,344654,55484,289170,279943,175312,86322,1042,15572,77,1618,9227,8586,1457,2559,1456,66,1928,369,149,21,441,40,3,19,39,36,3,576,233,54,10,95,58,2,29,26,21,3,4,0,17,4,8,0,0,1,0,11,57,13,0,33,8,0,0,0,1,0,0,2,0,0,0,0,8,3,4,0,0,1,0,0,0,193878,178028,15850,2953,2386,930,122,1297,37,567,0,0,567
PLST,LA,050,00,00,000,0000028,0500000US22053,22053,3,7,22,01629543,053,H1,00558039,27660,2,324,99999,1687430131,18666917,Jefferson Davis,Jefferson Davis Parish,A,32250,13936,+30.2695293,-092.8162205,15,22053,32250,30821,25066,5148,168,100,14,325,1429,1287,480,283,66,14,336,43,4,6,43,1,0,7,4,0,0,136,54,18,3,18,9,0,14,3,0,3,2,6,1,2,3,0,0,0,0,0,2,0,0,0,0,1,0,0,0,0,0,0,0,0,1,0,4,2,2,0,0,0,0,0,0,32250,734,31516,30354,24855,5130,147,100,4,118,1162,1049,471,274,66,14,125,41,4,6,43,1,0,0,4,0,0,108,51,18,3,16,6,0,2,3,0,0,2,3,1,0,3,0,0,0,0,0,1,0,0,0,0,1,0,0,0,0,0,0,0,0,0,0,4,2,2,0,0,0,0,0,0,24039,23285,19121,3745,120,78,13,208,754,676,134,188,27,8,244,29,2,6,27,0,0,7,4,0,0,74,28,7,3,10,2,0,10,0,0,3,2,3,1,2,3,0,0,0,0,0,0,0,0,0,0,0,0,0,0,0,0,0,0,0,0,0,4,2,2,0,0,0,0,0,0,24039,489,23550,22987,18999,3732,106,78,3,69,563,508,134,179,27,8,94,27,2,6,27,0,0,0,4,0,0,51,25,7,3,10,0,0,0,0,0,0,2,0,1,0,3,0,0,0,0,0,0,0,0,0,0,0,0,0,0,0,0,0,0,0,0,0,4,2,2,0,0,0,0,0,0,13936,12197,1739,678,667,244,0,423,0,11,0,0,11
PLST,LA,050,00,00,000,0000029,0500000US22055,22055,3,7,22,01629543,055,H6,00558059,29180,1,318,99999,696257611,1149127,Lafayette,Lafayette Parish,B,241753,107922,+30.2065065,-092.0641700,15,22055,241753,227471,153363,61086,961,5268,76,6717,14282,13325,2373,1987,1014,48,6741,347,101,30,549,11,2,64,27,24,7,848,282,32,0,208,33,0,196,35,38,1,6,0,7,8,2,0,0,0,0,0,100,15,3,76,2,0,0,0,1,0,3,0,0,0,0,0,9,4,5,0,0,0,0,0,0,241753,15983,225770,218052,150475,60677,716,5212,68,904,7718,7171,2334,1860,979,48,1056,320,93,23,403,11,2,9,23,8,2,489,239,32,0,121,31,0,9,35,1,0,6,0,7,8,0,0,0,0,0,0,51,7,3,38,2,0,0,0,1,0,0,0,0,0,0,0,7,4,3,0,0,0,0,0,0,183875,174720,121608,43846,722,4067,69,4408,9155,8584,1003,1487,501,32,4784,249,55,19,372,4,2,43,16,12,5,502,161,15,0,113,17,0,133,21,22,1,4,0,7,8,0,0,0,0,0,0,60,4,0,50,2,0,0,0,1,0,3,0,0,0,0,0,9,4,5,0,0,0,0,0,0,183875,10829,173046,168462,119670,43594,542,4024,61,571,4584,4247,985,1400,485,32,740,232,47,12,291,4,2,3,12,2,0,296,139,15,0,75,17,0,9,21,1,0,4,0,7,8,0,0,0,0,0,0,34,3,0,28,2,0,0,0,1,0,0,0,0,0,0,0,7,4,3,0,0,0,0,0,0,107922,97428,10494,2782,2392,1339,10,1010,33,390,128,0,262
PLST,LA,050,00,00,000,0000030,0500000US22057,22057,3,7,22,01629543,057,H1,00558065,26380,1,999,99999,2765571303,1037643577,Lafourche,Lafourche Parish,A,97557,40933,+29.4919925,-090.3948490,15,22057,97557,92250,71710,14640,2554,773,31,2542,5307,5059,861,1561,187,8,2162,115,27,0,78,7,4,36,7,6,0,230,96,4,0,21,20,0,68,7,11,0,0,0,0,1,1,0,1,0,0,0,17,3,0,2,0,0,0,6,0,1,0,0,0,0,5,0,1,0,1,0,0,0,0,0,0,97557,5672,91885,88631,70722,14532,2427,759,31,160,3254,3113,848,1503,177,7,364,115,21,0,55,7,3,0,7,6,0,135,92,0,0,9,20,0,2,7,3,0,0,0,0,1,1,0,0,0,0,0,5,0,0,1,0,0,0,4,0,0,0,0,0,0,0,0,1,0,1,0,0,0,0,0,0,74619,71536,56838,10639,1772,599,22,1666,3083,2951,263,927,89,7,1494,62,17,0,46,7,4,28,7,0,0,122,39,0,0,5,15,0,45,5,11,0,0,0,0,1,0,0,1,0,0,0,9,3,0,1,0,0,0,4,0,1,0,0,0,0,0,0,1,0,1,0,0,0,0,0,0,74619,3743,70876,69187,56211,10577,1703,585,22,89,1689,1619,260,896,83,7,255,62,11,0,28,7,3,0,7,0,0,64,38,0,0,0,15,0,2,5,3,0,0,0,0,1,0,0,0,0,0,0,5,0,0,1,0,0,0,4,0,0,0,0,0,0,0,0,1,0,1,0,0,0,0,0,0,40933,37179,3754,2451,969,543,0,426,0,1482,1382,0,100
PLST,LA,050,00,00,000,0000031,0500000US22059,22059,3,7,22,01629543,059,H1,00558049,99999,9,999,99999,1618363236,97655624,LaSalle,LaSalle Parish,A,14791,6151,+31.6800826,-092.1615956,15,22059,14791,14298,11348,1299,135,252,10,1254,493,442,78,223,22,1,101,1,0,2,5,0,0,8,0,1,0,37,11,0,0,3,3,1,5,2,0,0,0,0,0,0,11,1,0,0,0,0,9,3,1,1,1,0,0,1,0,0,2,0,0,0,0,0,2,2,0,0,0,0,0,3,3,14791,1402,13389,12967,11263,1283,133,252,10,26,422,397,78,222,22,1,69,1,0,2,0,0,0,1,0,1,0,17,7,0,0,2,3,0,1,0,0,0,0,0,0,0,3,1,0,0,0,0,4,3,0,0,0,0,0,1,0,0,0,0,0,0,0,0,1,1,0,0,0,0,0,3,3,11563,11254,8636,1024,96,244,10,1244,309,284,17,162,18,0,73,1,0,1,4,0,0,8,0,0,0,16,7,0,0,0,0,0,5,0,0,0,0,0,0,0,3,1,0,0,0,0,5,2,0,1,0,0,0,0,0,0,2,0,0,0,0,0,1,1,0,0,0,0,0,3,3,11563,1325,10238,9972,8587,1017,94,244,10,20,266,251,17,162,18,0,51,1,0,1,0,0,0,1,0,0,0,10,5,0,0,0,0,0,1,0,0,0,0,0,0,0,3,1,0,0,0,0,2,2,0,0,0,0,0,0,0,0,0,0,0,0,0,0,0,0,0,0,0,0,0,3,3,6151,5140,1011,1964,1964,1819,0,145,0,0,0,0,0
PLST,LA,050,00,00,000,0000032,0500000US22061,22061,3,7,22,01629543,061,H1,00558077,40820,2,384,99999,1221532395,1897706,Lincoln,Lincoln Parish,A,48396,20370,+32.6018231,-092.6623026,15,22061,48396,46477,26034,18729,188,685,5,836,1919,1811,416,455,179,18,583,68,14,11,52,2,0,4,6,1,2,84,30,7,0,10,13,8,7,4,0,0,1,0,1,3,0,0,0,0,0,0,18,1,3,5,4,2,0,2,0,0,0,0,0,0,1,0,6,2,4,0,0,0,0,0,0,48396,1754,46642,45236,25672,18626,145,682,5,106,1406,1322,409,442,179,14,157,63,8,11,28,2,0,0,6,1,2,71,27,7,0,10,11,8,0,4,0,0,1,0,0,3,0,0,0,0,0,0,8,0,0,1,4,0,0,2,0,0,0,0,0,0,1,0,5,2,3,0,0,0,0,0,0,38655,37331,21306,14720,159,594,5,547,1324,1257,237,354,135,11,397,64,13,7,29,0,0,4,6,0,0,48,10,6,0,10,8,3,6,0,0,0,1,0,1,3,0,0,0,0,0,0,13,1,0,4,4,2,0,1,0,0,0,0,0,0,1,0,6,2,4,0,0,0,0,0,0,38655,1187,37468,36489,21038,14653,125,591,5,77,979,930,230,348,135,7,114,59,7,7,17,0,0,0,6,0,0,38,9,6,0,10,6,3,0,0,0,0,1,0,0,3,0,0,0,0,0,0,6,0,0,0,4,0,0,1,0,0,0,0,0,0,1,0,5,2,3,0,0,0,0,0,0,20370,18075,2295,5288,577,243,8,311,15,4711,4647,0,64
PLST,LA,050,00,00,000,0000033,0500000US22063,22063,3,7,22,01629543,063,H1,00558083,12940,1,999,99999,1678641293,112186821,Livingston,Livingston Parish,A,142282,57480,+30.4404194,-090.7274738,15,22063,142282,133278,116855,11268,463,1123,38,3531,9004,8624,1003,2505,483,61,4318,51,24,3,122,0,1,12,17,19,5,343,88,22,0,38,18,6,124,17,18,8,0,0,2,1,0,0,1,0,0,0,37,11,0,25,0,0,0,0,0,0,1,0,0,0,0,0,0,0,0,0,0,0,0,0,0,142282,8791,133491,127932,114876,11178,365,1116,36,361,5559,5373,979,2398,453,59,1310,44,22,3,76,0,0,2,17,10,0,172,78,22,0,9,18,6,17,17,2,0,0,0,2,0,0,0,1,0,0,0,14,11,0,3,0,0,0,0,0,0,0,0,0,0,0,0,0,0,0,0,0,0,0,0,0,105141,99515,88432,7651,357,825,34,2216,5626,5436,294,1860,222,35,2869,35,6,0,71,0,1,10,17,11,5,172,44,4,0,11,0,6,77,14,9,4,0,0,2,1,0,0,0,0,0,0,18,7,0,10,0,0,0,0,0,0,1,0,0,0,0,0,0,0,0,0,0,0,0,0,0,105141,5390,99751,96272,87285,7604,292,819,34,238,3479,3391,289,1804,208,33,952,32,6,0,46,0,0,2,17,2,0,81,44,4,0,1,0,6,10,14,0,0,0,0,2,0,0,0,0,0,0,0,7,7,0,0,0,0,0,0,0,0,0,0,0,0,0,0,0,0,0,0,0,0,0,0,0,57480,52581,4899,1068,903,541,0,362,0,165,0,0,165
PLST,LA,050,00,00,000,0000034,0500000US22065,22065,3,7,22,01629543,065,H1,00558088,99999,9,999,99999,1616604801,68460376,Madison,Madison Parish,A,10017,4357,+32.3468782,-091.2319321,15,22065,10017,9784,3475,6224,29,6,5,45,233,205,80,23,1,1,48,23,4,2,9,0,0,6,5,2,1,25,12,0,0,0,0,0,1,2,4,0,0,0,4,2,0,0,0,0,0,0,3,0,0,2,1,0,0,0,0,0,0,0,0,0,0,0,0,0,0,0,0,0,0,0,0,10017,204,9813,9629,3414,6173,27,6,5,4,184,160,76,21,0,0,22,14,4,2,8,0,0,6,5,2,0,23,12,0,0,0,0,0,1,2,2,0,0,0,4,2,0,0,0,0,0,0,1,0,0,0,1,0,0,0,0,0,0,0,0,0,0,0,0,0,0,0,0,0,0,0,0,7435,7293,2906,4322,26,4,1,34,142,127,31,21,1,0,46,12,4,2,8,0,0,0,0,2,0,12,7,0,0,0,0,0,1,2,0,0,0,0,2,0,0,0,0,0,0,0,3,0,0,2,1,0,0,0,0,0,0,0,0,0,0,0,0,0,0,0,0,0,0,0,0,7435,149,7286,7181,2858,4294,24,4,1,0,105,92,27,21,0,0,20,8,4,2,8,0,0,0,0,2,0,12,7,0,0,0,0,0,1,2,0,0,0,0,2,0,0,0,0,0,0,0,1,0,0,0,1,0,0,0,0,0,0,0,0,0,0,0,0,0,0,0,0,0,0,0,0,4357,3732,625,809,765,600,79,86,0,44,0,0,44
PLST,LA,050,00,00,000,0000035,0500000US22067,22067,3,7,22,01629543,067,H1,00558097,33740,1,384,99999,2058910717,28888046,Morehouse,Morehouse Parish,A,25629,11863,+32.8200082,-091.8003988,15,22067,25629,24697,12281,12048,85,96,3,184,932,856,299,273,44,1,141,59,11,0,19,0,0,7,0,2,0,66,24,7,0,4,12,0,5,0,2,5,5,2,0,0,0,0,0,0,0,0,9,0,1,0,0,0,0,3,1,0,0,4,0,0,0,0,1,1,0,0,0,0,0,0,0,25629,381,25248,24397,12220,11976,80,89,3,29,851,794,296,271,43,1,89,57,11,0,19,0,0,7,0,0,0,49,21,7,0,4,4,0,1,0,0,5,5,2,0,0,0,0,0,0,0,0,8,0,1,0,0,0,0,3,0,0,0,4,0,0,0,0,0,0,0,0,0,0,0,0,0,20062,19399,10095,9014,57,81,3,149,663,605,186,210,27,0,114,42,5,0,12,0,0,7,0,2,0,52,20,7,0,3,4,0,5,0,2,5,4,2,0,0,0,0,0,0,0,0,5,0,0,0,0,0,0,1,0,0,0,4,0,0,0,0,1,1,0,0,0,0,0,0,0,20062,292,19770,19157,10049,8963,57,74,3,11,613,565,184,209,26,0,80,42,5,0,12,0,0,7,0,0,0,43,17,7,0,3,4,0,1,0,0,5,4,2,0,0,0,0,0,0,0,0,5,0,0,0,0,0,0,1,0,0,0,4,0,0,0,0,0,0,0,0,0,0,0,0,0,11863,10302,1561,1140,1132,864,0,256,12,8,0,0,8
PLST,LA,050,00,00,000,0000036,0500000US22069,22069,3,7,22,01629543,069,H1,00558108,35060,2,999,99999,3246092085,119733774,Natchitoches,Natchitoches Parish,A,37515,18513,+31.7325086,-093.0825461,15,22069,37515,35633,19361,14948,326,173,20,805,1882,1663,387,489,63,9,464,65,27,1,133,0,0,10,0,10,5,185,51,15,2,62,0,4,32,4,3,10,1,0,0,0,1,0,0,0,0,0,28,0,0,22,4,0,0,0,0,0,2,0,0,0,0,0,6,3,0,0,0,0,3,0,0,37515,1490,36025,34525,18898,14857,284,166,19,301,1500,1359,379,459,63,9,220,65,23,1,123,0,0,5,0,9,3,117,51,4,2,33,0,4,12,2,3,4,1,0,0,0,1,0,0,0,0,0,18,0,0,12,4,0,0,0,0,0,2,0,0,0,0,0,6,3,0,0,0,0,3,0,0,29349,28058,16010,10950,270,152,20,656,1291,1164,199,386,42,8,354,48,21,0,93,0,0,8,0,0,5,97,32,3,0,40,0,1,18,2,0,0,0,0,0,0,1,0,0,0,0,0,24,0,0,20,2,0,0,0,0,0,2,0,0,0,0,0,6,3,0,0,0,0,3,0,0,29349,1140,28209,27155,15615,10888,234,148,19,251,1054,958,199,368,42,8,174,48,18,0,93,0,0,5,0,0,3,76,32,3,0,28,0,1,9,2,0,0,0,0,0,0,1,0,0,0,0,0,14,0,0,10,2,0,0,0,0,0,2,0,0,0,0,0,6,3,0,0,0,0,3,0,0,18513,15213,3300,2124,756,617,0,139,0,1368,1352,0,16
PLST,LA,050,00,00,000,0000037,0500000US22071,22071,3,7,22,01629543,071,H6,00558113,35380,1,406,99999,438975285,467122070,Orleans,Orleans Parish,C,383997,193840,+30.0534195,-089.9345018,15,22071,383997,359331,126462,208273,1337,10703,147,12409,24666,22442,3607,1899,1792,85,9384,947,353,44,4010,26,4,152,45,81,13,1822,601,137,1,449,72,0,274,37,79,6,29,0,89,19,22,5,0,0,0,2,381,44,7,295,3,4,0,6,11,0,1,6,1,0,3,0,13,7,5,0,0,1,0,8,8,383997,31017,352980,340795,121385,205876,761,10573,125,2075,12185,10981,3362,1697,1698,85,1652,882,327,42,1125,23,4,20,38,26,0,1059,500,124,1,201,55,0,17,37,11,6,29,0,45,19,12,0,0,0,0,2,136,21,4,97,3,1,0,2,0,0,0,5,0,0,3,0,6,5,1,0,0,0,0,3,3,306196,287796,110252,158350,1051,9106,131,8906,18400,16778,2319,1559,1151,57,7299,737,222,34,3152,26,4,121,36,51,10,1322,448,78,1,308,54,0,213,34,52,5,29,0,68,15,11,5,0,0,0,1,281,23,4,235,2,1,0,0,7,0,1,4,1,0,3,0,11,5,5,0,0,1,0,8,8,306196,23156,283040,274232,106133,156746,638,8990,115,1610,8808,7911,2178,1419,1102,57,1250,701,199,32,886,23,4,14,31,15,0,787,376,69,1,148,39,0,17,34,11,5,29,0,39,15,3,0,0,0,0,1,101,15,4,73,2,0,0,0,0,0,0,4,0,0,3,0,6,5,1,0,0,0,0,3,3,193840,165125,28715,15534,3851,1721,94,2004,32,11683,9569,31,2083
PLST,LA,050,00,00,000,0000038,0500000US22073,22073,3,7,22,01629543,073,H1,00558114,33740,1,384,99999,1580795917,55329753,Ouachita,Ouachita Parish,A,160368,70028,+32.4809320,-092.1515814,15,22073,160368,153589,88545,59083,510,2291,42,3118,6779,6410,1316,2075,431,33,1958,274,72,13,188,6,1,24,0,14,5,297,139,16,0,34,21,0,51,9,5,1,3,1,12,0,5,0,0,0,0,0,58,8,9,28,0,1,0,4,7,0,0,0,0,0,1,0,14,7,7,0,0,0,0,0,0,160368,5658,154710,149357,87426,58804,413,2276,30,408,5353,5079,1292,2002,428,33,827,272,72,13,128,2,0,2,0,7,1,219,127,10,0,28,21,0,10,7,1,0,3,1,7,0,4,0,0,0,0,0,43,8,9,17,0,0,0,4,4,0,0,0,0,0,1,0,12,7,5,0,0,0,0,0,0,120200,115767,69974,41188,392,1848,31,2334,4433,4211,592,1611,233,16,1374,178,39,6,129,6,1,16,0,7,3,170,90,8,0,10,9,0,39,6,1,1,0,0,1,0,5,0,0,0,0,0,39,5,9,16,0,0,0,4,4,0,0,0,0,0,1,0,13,7,6,0,0,0,0,0,0,120200,3946,116254,112749,69266,41034,326,1833,26,264,3505,3340,579,1564,232,16,626,176,39,6,90,2,0,2,0,7,1,120,80,8,0,10,9,0,4,4,1,0,0,0,0,0,4,0,0,0,0,0,34,5,9,11,0,0,0,4,4,0,0,0,0,0,1,0,11,7,4,0,0,0,0,0,0,70028,62654,7374,5268,3423,2503,115,805,0,1845,1531,0,314
PLST,LA,050,00,00,000,0000039,0500000US22075,22075,3,7,22,01629543,075,H1,00558125,35380,1,406,99999,2020635364,4628476563,Plaquemines,Plaquemines Parish,A,23515,9447,+29.2824470,-089.5760676,15,22075,23515,21534,14287,4920,285,1053,40,949,1981,1813,292,375,191,10,787,54,19,0,60,3,0,8,5,9,0,138,31,13,0,12,13,0,29,5,25,0,8,0,0,0,0,0,2,0,0,0,27,5,0,9,2,0,0,2,9,0,0,0,0,0,0,0,0,0,0,0,0,0,0,3,3,23515,2236,21279,20155,13764,4863,255,1042,40,191,1124,1041,269,337,178,10,139,43,19,0,36,3,0,0,5,2,0,68,31,5,0,4,13,0,3,3,1,0,7,0,0,0,0,0,1,0,0,0,12,5,0,5,2,0,0,0,0,0,0,0,0,0,0,0,0,0,0,0,0,0,0,3,3,17334,16180,10856,3645,239,781,30,629,1154,1073,92,242,105,5,532,41,4,0,39,0,0,6,5,2,0,69,15,1,0,2,13,0,13,3,12,0,8,0,0,0,0,0,2,0,0,0,9,2,0,5,0,0,0,0,2,0,0,0,0,0,0,0,0,0,0,0,0,0,0,3,3,17334,1377,15957,15324,10556,3609,214,781,30,134,633,581,87,227,97,5,99,31,4,0,26,0,0,0,5,0,0,42,15,1,0,1,13,0,0,3,1,0,7,0,0,0,0,0,1,0,0,0,7,2,0,5,0,0,0,0,0,0,0,0,0,0,0,0,0,0,0,0,0,0,0,3,3,9447,8190,1257,785,624,500,31,93,0,161,0,44,117
PLST,LA,050,00,00,000,0000040,0500000US22077,22077,3,7,22,01629543,077,H1,00559449,12940,1,999,99999,1442300231,86716680,Pointe Coupee,Pointe Coupee Parish,A,20758,10923,+30.7083190,-091.6046207,15,22077,20758,20028,12395,7245,50,65,2,271,730,670,159,92,25,4,309,20,3,0,34,6,0,11,2,0,5,49,20,1,1,6,1,1,5,3,5,2,0,3,0,0,1,0,0,0,0,0,11,0,3,4,0,4,0,0,0,0,0,0,0,0,0,0,0,0,0,0,0,0,0,0,0,20758,625,20133,19622,12245,7221,37,60,2,57,511,466,153,90,25,4,128,19,3,0,27,5,0,11,1,0,0,34,19,0,0,3,0,1,0,3,3,1,0,3,0,0,1,0,0,0,0,0,11,0,3,4,0,4,0,0,0,0,0,0,0,0,0,0,0,0,0,0,0,0,0,0,0,16250,15765,10108,5368,32,57,2,198,485,449,66,74,19,2,223,17,2,0,22,6,0,11,2,0,5,28,13,1,1,0,0,0,2,3,4,0,0,3,0,0,1,0,0,0,0,0,8,0,0,4,0,4,0,0,0,0,0,0,0,0,0,0,0,0,0,0,0,0,0,0,0,16250,429,15821,15474,9994,5351,31,52,2,44,347,317,66,74,19,2,103,16,2,0,18,5,0,11,1,0,0,22,12,0,0,0,0,0,0,3,3,0,0,3,0,0,1,0,0,0,0,0,8,0,0,4,0,4,0,0,0,0,0,0,0,0,0,0,0,0,0,0,0,0,0,0,0,10923,8645,2278,154,154,0,0,154,0,0,0,0,0
PLST,LA,050,00,00,000,0000041,0500000US22079,22079,3,7,22,01629543,079,H1,00559460,10780,1,999,99999,3419856810,106464882,Rapides,Rapides Parish,A,130023,57935,+31.1932037,-092.5359531,15,22079,130023,123167,77510,40484,1026,1828,35,2284,6856,6394,1256,1951,552,45,2021,259,78,5,191,3,0,16,6,5,6,417,172,40,0,60,5,5,103,4,24,0,2,1,0,1,0,0,0,0,0,0,38,10,0,24,1,0,0,0,1,1,0,0,1,0,0,0,2,0,0,0,0,0,2,5,5,130023,5090,124933,119782,76323,40261,901,1805,33,459,5151,4847,1233,1861,541,45,682,246,77,5,142,3,0,4,6,2,0,274,164,40,0,29,5,5,14,3,10,0,2,1,0,1,0,0,0,0,0,0,23,10,0,11,1,0,0,0,0,0,0,0,1,0,0,0,2,0,0,0,0,0,2,5,5,98792,94338,61373,29149,754,1452,24,1586,4454,4186,533,1495,308,31,1449,185,41,5,119,0,0,11,3,2,4,239,81,25,0,37,5,5,68,2,14,0,0,1,0,1,0,0,0,0,0,0,22,0,0,19,1,0,0,0,0,1,0,0,1,0,0,0,2,0,0,0,0,0,2,5,5,98792,3442,95350,92034,60593,29008,675,1438,22,298,3316,3141,524,1444,302,31,525,176,40,5,87,0,0,4,3,0,0,155,78,25,0,20,5,5,14,2,4,0,0,1,0,1,0,0,0,0,0,0,13,0,0,11,1,0,0,0,0,0,0,0,1,0,0,0,2,0,0,0,0,0,2,5,5,57935,51268,6667,3322,1666,758,36,696,176,1656,101,536,1019
PLST,LA,050,00,00,000,0000042,0500000US22081,22081,3,7,22,01629543,081,H1,00559472,99999,9,999,99999,1007453088,34259705,Red River,Red River Parish,A,7620,3567,+32.1012125,-093.3490504,15,22081,7620,7275,4195,2965,47,1,0,67,345,289,97,109,13,0,56,7,1,0,6,0,0,0,0,0,0,45,19,1,0,1,2,0,15,5,1,0,0,0,1,0,0,0,0,0,0,0,11,0,0,7,1,0,0,0,3,0,0,0,0,0,0,0,0,0,0,0,0,0,0,0,0,7620,188,7432,7163,4150,2952,41,0,0,20,269,234,94,103,3,0,23,7,1,0,3,0,0,0,0,0,0,27,18,1,0,0,2,0,0,5,0,0,0,0,1,0,0,0,0,0,0,0,8,0,0,7,1,0,0,0,0,0,0,0,0,0,0,0,0,0,0,0,0,0,0,0,0,5714,5541,3338,2112,40,0,0,51,173,141,18,67,1,0,42,7,0,0,6,0,0,0,0,0,0,25,13,0,0,1,2,0,9,0,0,0,0,0,0,0,0,0,0,0,0,0,7,0,0,7,0,0,0,0,0,0,0,0,0,0,0,0,0,0,0,0,0,0,0,0,0,5714,113,5601,5461,3311,2099,38,0,0,13,140,118,18,67,1,0,22,7,0,0,3,0,0,0,0,0,0,15,13,0,0,0,2,0,0,0,0,0,0,0,0,0,0,0,0,0,0,0,7,0,0,7,0,0,0,0,0,0,0,0,0,0,0,0,0,0,0,0,0,0,0,0,0,3567,3042,525,156,156,37,25,94,0,0,0,0,0
PLST,LA,050,00,00,000,0000043,0500000US22083,22083,3,7,22,01629543,083,H1,00559481,99999,9,999,99999,1439031396,22771218,Richland,Richland Parish,A,20043,8628,+32.4131580,-091.7483534,15,22083,20043,19397,11785,7336,55,50,0,171,646,593,174,189,31,0,143,22,13,5,14,1,0,1,0,0,0,49,18,6,0,0,0,3,10,0,0,0,3,3,4,2,0,0,0,0,0,0,4,0,0,0,0,0,0,1,0,0,0,3,0,0,0,0,0,0,0,0,0,0,0,0,0,20043,400,19643,19139,11667,7303,53,50,0,66,504,472,165,189,31,0,49,22,8,0,8,0,0,0,0,0,0,29,15,6,0,0,0,3,0,0,0,0,0,3,0,2,0,0,0,0,0,0,3,0,0,0,0,0,0,0,0,0,0,3,0,0,0,0,0,0,0,0,0,0,0,0,0,15383,14951,9338,5387,45,46,0,135,432,397,96,150,19,0,95,20,5,0,12,0,0,0,0,0,0,31,11,0,0,0,0,3,5,0,0,0,3,3,4,2,0,0,0,0,0,0,4,0,0,0,0,0,0,1,0,0,0,3,0,0,0,0,0,0,0,0,0,0,0,0,0,15383,293,15090,14753,9250,5362,43,46,0,52,337,318,87,150,19,0,31,20,5,0,6,0,0,0,0,0,0,16,8,0,0,0,0,3,0,0,0,0,0,3,0,2,0,0,0,0,0,0,3,0,0,0,0,0,0,0,0,0,0,3,0,0,0,0,0,0,0,0,0,0,0,0,0,8628,7674,954,1004,826,651,6,169,0,178,0,0,178
PLST,LA,050,00,00,000,0000044,0500000US22085,22085,3,7,22,01629543,085,H1,00559489,99999,9,999,99999,2244547678,375313525,Sabine,Sabine Parish,A,22155,13370,+31.5604024,-093.5595793,15,22085,22155,20792,15036,3529,1926,63,12,226,1363,1284,190,771,22,6,195,76,9,0,7,0,0,7,1,0,0,63,27,3,0,1,4,4,13,2,0,2,0,0,6,0,1,0,0,0,0,0,14,0,0,5,0,0,0,1,1,2,0,5,0,0,0,0,2,0,2,0,0,0,0,0,0,22155,710,21445,20304,14850,3520,1790,63,12,69,1141,1089,190,701,21,6,83,75,9,0,3,0,0,0,1,0,0,42,27,3,0,1,1,2,4,2,0,2,0,0,0,0,0,0,0,0,0,0,8,0,0,1,0,0,0,1,1,0,0,5,0,0,0,0,2,0,2,0,0,0,0,0,0,17064,16204,12054,2540,1404,48,5,153,860,809,54,545,12,3,158,22,5,0,3,0,0,6,1,0,0,43,14,3,0,1,4,2,13,0,0,0,0,0,6,0,0,0,0,0,0,0,6,0,0,0,0,0,0,0,1,0,0,5,0,0,0,0,2,0,2,0,0,0,0,0,0,17064,502,16562,15865,11925,2538,1303,48,5,46,697,666,54,495,11,3,72,22,5,0,3,0,0,0,1,0,0,23,14,3,0,1,1,0,4,0,0,0,0,0,0,0,0,0,0,0,0,0,6,0,0,0,0,0,0,0,1,0,0,5,0,0,0,0,2,0,2,0,0,0,0,0,0,13370,9202,4168,339,304,120,0,184,0,35,0,0,35
PLST,LA,050,00,00,000,0000045,0500000US22087,22087,3,7,22,01629543,087,H1,01629542,35380,1,406,99999,977762466,4604191570,St. Bernard,St. Bernard Parish,A,43764,17642,+29.9181102,-089.2634941,15,22087,43764,39443,24497,11507,323,997,18,2101,4321,4009,459,507,312,8,2493,54,7,6,112,0,0,37,3,2,9,277,46,16,8,55,12,0,79,8,40,1,5,0,1,0,2,3,0,0,1,0,21,5,0,4,1,3,0,0,6,0,0,0,2,0,0,0,12,0,11,0,0,1,0,2,2,43764,6010,37754,36013,23165,11370,215,972,6,285,1741,1609,427,438,280,8,328,54,7,6,57,0,0,0,3,0,1,125,38,16,8,20,12,0,11,7,5,1,5,0,1,0,0,1,0,0,0,0,7,2,0,0,0,3,0,0,0,0,0,0,2,0,0,0,0,0,0,0,0,0,0,0,0,31775,28929,18992,7596,247,747,18,1329,2846,2674,151,367,190,8,1805,32,7,3,73,0,0,26,3,0,9,144,25,0,3,24,12,0,48,4,20,0,5,0,0,0,1,2,0,0,0,0,15,2,0,1,1,3,0,0,6,0,0,0,2,0,0,0,11,0,11,0,0,0,0,2,2,31775,4028,27747,26696,18091,7525,165,735,6,174,1051,977,151,329,176,8,227,32,7,3,40,0,0,0,3,0,1,67,23,0,3,9,12,0,11,3,1,0,5,0,0,0,0,0,0,0,0,0,7,2,0,0,0,3,0,0,0,0,0,0,2,0,0,0,0,0,0,0,0,0,0,0,0,17642,16223,1419,233,193,155,11,27,0,40,0,0,40
PLST,LA,050,00,00,000,0000046,0500000US22089,22089,3,7,22,01629543,089,H1,01629449,35380,1,406,99999,719347893,308635080,St. Charles,St. Charles Parish,A,52549,20445,+29.9057222,-090.3578553,15,22089,52549,48853,33550,13133,259,576,20,1315,3696,3470,508,564,213,0,1970,56,9,0,101,4,10,13,1,18,3,195,42,20,0,23,4,0,79,8,5,1,0,0,5,0,2,0,6,0,0,0,27,3,0,12,0,8,0,0,2,0,0,0,2,0,0,0,4,2,1,1,0,0,0,0,0,52549,4141,48408,46694,32708,13024,215,555,20,172,1714,1605,463,525,194,0,290,52,9,0,44,0,7,4,0,14,3,98,41,19,0,7,4,0,7,8,0,1,0,0,3,0,2,0,6,0,0,0,7,0,0,3,0,0,0,0,2,0,0,0,2,0,0,0,4,2,1,1,0,0,0,0,0,39541,37202,26154,9549,189,409,15,886,2339,2218,190,407,92,0,1397,40,6,0,48,0,10,11,0,14,3,103,27,0,0,9,0,0,50,7,5,0,0,0,5,0,0,0,0,0,0,0,16,0,0,9,0,3,0,0,2,0,0,0,2,0,0,0,2,0,1,1,0,0,0,0,0,39541,2737,36804,35767,25606,9482,154,404,15,106,1037,987,184,388,87,0,233,36,6,0,26,0,7,3,0,14,3,44,27,0,0,0,0,0,7,7,0,0,0,0,3,0,0,0,0,0,0,0,4,0,0,0,0,0,0,0,2,0,0,0,2,0,0,0,2,0,1,1,0,0,0,0,0,20445,19187,1258,593,520,432,0,88,0,73,0,0,73
PLST,LA,050,00,00,000,0000047,0500000US22091,22091,3,7,22,01629543,091,H1,01629457,12940,1,999,99999,1058078903,2796358,St. Helena,St. Helena Parish,A,10920,5243,+30.8225386,-090.7083074,15,22091,10920,10567,4527,5861,45,20,7,107,353,303,105,79,2,1,74,18,0,0,16,0,2,0,4,2,0,46,9,0,0,9,0,0,8,2,9,0,0,0,9,0,0,0,0,0,0,0,1,0,0,1,0,0,0,0,0,0,0,0,0,0,0,0,3,1,2,0,0,0,0,0,0,10920,216,10704,10424,4494,5846,38,19,4,23,280,255,103,73,0,0,44,16,0,0,13,0,2,0,4,0,0,25,9,0,0,5,0,0,0,0,2,0,0,0,9,0,0,0,0,0,0,0,0,0,0,0,0,0,0,0,0,0,0,0,0,0,0,0,0,0,0,0,0,0,0,0,0,8463,8234,3805,4291,34,18,5,81,229,209,55,65,2,1,63,14,0,0,1,0,2,0,4,2,0,17,0,0,0,3,0,0,8,0,2,0,0,0,4,0,0,0,0,0,0,0,1,0,0,1,0,0,0,0,0,0,0,0,0,0,0,0,2,0,2,0,0,0,0,0,0,8463,149,8314,8137,3789,4285,27,17,2,17,177,171,53,62,0,0,37,12,0,0,1,0,2,0,4,0,0,6,0,0,0,0,0,0,0,0,2,0,0,0,4,0,0,0,0,0,0,0,0,0,0,0,0,0,0,0,0,0,0,0,0,0,0,0,0,0,0,0,0,0,0,0,0,5243,4380,863,102,87,36,0,51,0,15,0,0,15
PLST,LA,050,00,00,000,0000048,0500000US22093,22093,3,7,22,01629543,093,H1,01629464,35380,1,406,99999,616057915,38773983,St. James,St. James Parish,A,20192,8554,+30.0247772,-090.7939562,15,22093,20192,19713,9973,9523,34,31,5,147,479,442,143,47,15,4,157,18,8,1,40,0,0,0,4,3,2,29,14,0,0,5,5,0,1,0,0,0,0,0,0,2,2,0,0,0,0,0,8,1,0,3,1,0,1,2,0,0,0,0,0,0,0,0,0,0,0,0,0,0,0,0,0,20192,343,19849,19487,9917,9486,28,28,0,28,362,334,135,47,15,1,63,17,8,1,38,0,0,0,4,3,2,24,14,0,0,0,5,0,1,0,0,0,0,0,0,2,2,0,0,0,0,0,4,0,0,2,1,0,1,0,0,0,0,0,0,0,0,0,0,0,0,0,0,0,0,0,0,15505,15223,7883,7188,21,18,5,108,282,268,62,43,8,3,112,7,8,1,18,0,0,0,4,0,2,11,8,0,0,0,1,0,0,0,0,0,0,0,0,0,2,0,0,0,0,0,3,0,0,2,0,0,1,0,0,0,0,0,0,0,0,0,0,0,0,0,0,0,0,0,0,15505,237,15268,15062,7837,7162,21,18,0,24,206,192,57,43,8,0,47,6,8,1,16,0,0,0,4,0,2,11,8,0,0,0,1,0,0,0,0,0,0,0,0,0,2,0,0,0,0,0,3,0,0,2,0,0,1,0,0,0,0,0,0,0,0,0,0,0,0,0,0,0,0,0,0,8554,7692,862,155,137,45,0,92,0,18,0,0,18
PLST,LA,050,00,00,000,0000049,0500000US22095,22095,3,7,22,01629543,095,H1,01629472,35380,1,406,99999,555484721,506440074,St. John the Baptist,St. John the Baptist Parish,A,42477,17738,+30.1440682,-090.4909596,15,22095,42477,40183,13877,24305,167,317,12,1505,2294,2194,520,258,69,6,1007,73,20,3,206,2,0,16,4,4,6,92,42,8,0,9,6,4,20,0,0,0,0,0,0,0,0,2,1,0,0,0,5,0,0,0,0,3,0,0,0,0,0,0,1,0,1,0,3,0,3,0,0,0,0,0,0,42477,3291,39186,37990,13348,24076,105,314,7,140,1196,1126,513,235,61,6,126,65,20,3,89,0,0,0,4,4,0,65,42,6,0,9,4,4,0,0,0,0,0,0,0,0,0,0,0,0,0,0,2,0,0,0,0,0,0,0,0,0,0,0,1,0,1,0,3,0,3,0,0,0,0,0,0,32503,30949,11622,17908,125,281,11,1002,1554,1484,284,199,33,2,750,62,6,3,128,0,0,8,1,2,6,64,30,2,0,6,5,4,14,0,0,0,0,0,0,0,0,2,1,0,0,0,3,0,0,0,0,1,0,0,0,0,0,0,1,0,1,0,3,0,3,0,0,0,0,0,0,32503,2210,30293,29524,11288,17784,80,278,7,87,769,720,277,181,33,2,100,61,6,3,54,0,0,0,1,2,0,44,30,1,0,6,3,4,0,0,0,0,0,0,0,0,0,0,0,0,0,0,2,0,0,0,0,0,0,0,0,0,0,0,1,0,1,0,3,0,3,0,0,0,0,0,0,17738,15803,1935,376,364,155,0,93,116,12,0,0,12
PLST,LA,050,00,00,000,0000050,0500000US22097,22097,3,7,22,01629543,097,H1,01629479,36660,2,318,99999,2393224007,39013551,St. Landry,St. Landry Parish,A,82540,36723,+30.5834409,-091.9892745,15,22097,82540,79772,43611,34360,202,380,13,1206,2768,2559,850,405,95,11,719,165,20,0,266,4,1,10,0,8,5,191,96,5,1,52,1,1,17,9,0,4,2,0,0,0,3,0,0,0,0,0,12,0,1,5,0,0,0,2,0,0,0,0,0,0,4,0,6,2,0,0,4,0,0,0,0,82540,2178,80362,78264,43225,34218,153,374,12,282,2098,1929,831,381,90,11,195,162,20,0,230,4,0,2,0,2,1,158,87,5,0,47,1,1,2,9,0,4,2,0,0,0,0,0,0,0,0,0,9,0,1,4,0,0,0,0,0,0,0,0,0,0,4,0,2,2,0,0,0,0,0,0,0,61811,60126,34209,24701,151,286,10,769,1685,1540,368,280,53,3,511,121,6,0,179,0,1,10,0,4,4,132,72,0,1,31,1,0,9,9,0,4,2,0,0,0,3,0,0,0,0,0,9,0,0,5,0,0,0,0,0,0,0,0,0,0,4,0,4,0,0,0,4,0,0,0,0,61811,1374,60437,59190,33966,24613,117,280,10,204,1247,1126,364,264,53,3,150,118,6,0,164,0,0,2,0,2,0,113,67,0,0,28,1,0,2,9,0,4,2,0,0,0,0,0,0,0,0,0,8,0,0,4,0,0,0,0,0,0,0,0,0,0,4,0,0,0,0,0,0,0,0,0,0,36723,32499,4224,1214,903,307,12,580,4,311,0,0,311
PLST,LA,050,00,00,000,0000051,0500000US22099,22099,3,7,22,01629543,099,H1,01629486,29180,1,318,99999,1910038833,205294658,St. Martin,St. Martin Parish,A,51767,23515,+30.1214329,-091.6114814,15,22099,51767,49734,33259,15099,202,441,3,730,2033,1865,577,310,98,14,701,41,18,0,90,4,0,8,1,3,0,152,38,7,0,23,15,0,19,11,24,3,4,3,5,0,0,0,0,0,0,0,16,5,0,4,5,0,2,0,0,0,0,0,0,0,0,0,0,0,0,0,0,0,0,0,0,51767,1679,50088,48759,32919,15050,177,440,3,170,1329,1228,572,276,98,14,152,41,18,0,51,4,0,1,1,0,0,92,29,7,0,13,12,0,0,11,12,0,3,3,2,0,0,0,0,0,0,0,9,2,0,2,3,0,2,0,0,0,0,0,0,0,0,0,0,0,0,0,0,0,0,0,0,39404,38133,26278,10896,154,328,3,474,1271,1163,222,239,42,9,527,35,6,0,71,4,0,5,0,3,0,99,26,7,0,13,13,0,15,5,12,0,4,3,1,0,0,0,0,0,0,0,9,3,0,1,3,0,2,0,0,0,0,0,0,0,0,0,0,0,0,0,0,0,0,0,0,39404,1144,38260,37508,26053,10868,129,327,3,128,752,688,217,212,42,9,122,35,6,0,41,4,0,0,0,0,0,59,19,7,0,8,10,0,0,5,3,0,3,3,1,0,0,0,0,0,0,0,5,0,0,0,3,0,2,0,0,0,0,0,0,0,0,0,0,0,0,0,0,0,0,0,0,23515,20238,3277,294,265,29,0,236,0,29,0,0,29
PLST,LA,050,00,00,000,0000052,0500000US22101,22101,3,7,22,01629543,101,H1,01629492,34020,2,318,99999,1439626085,1460444966,St. Mary,St. Mary Parish,A,49406,22407,+29.6293488,-091.4638037,15,22101,49406,46138,26949,15058,1006,647,13,2465,3268,3079,614,626,152,20,1455,78,13,7,78,2,0,17,2,10,5,168,80,19,2,20,6,1,19,6,2,3,4,0,1,1,0,1,1,0,1,1,14,0,5,2,0,1,0,0,1,0,4,0,0,0,0,1,3,0,0,0,0,0,3,4,4,49406,4524,44882,43034,26334,14950,911,647,13,179,1848,1716,602,614,147,20,188,78,13,2,43,2,0,7,0,0,0,118,67,19,0,11,4,1,2,6,0,1,4,0,0,1,0,1,0,0,0,1,9,0,5,0,0,1,0,0,1,0,2,0,0,0,0,0,3,0,0,0,0,0,3,2,2,37521,35519,21594,11127,715,513,11,1559,2002,1912,212,428,63,11,1053,62,4,0,46,2,0,17,0,9,5,74,42,0,2,9,0,1,11,3,0,2,0,0,0,1,0,1,1,0,1,0,9,0,5,1,0,1,0,0,1,0,0,0,0,0,0,1,3,0,0,0,0,0,3,4,4,37521,2954,34567,33547,21215,11052,652,513,11,104,1020,951,209,420,62,11,145,62,4,0,29,2,0,7,0,0,0,57,42,0,0,9,0,1,0,3,0,0,0,0,0,1,0,1,0,0,0,0,7,0,5,0,0,1,0,0,1,0,0,0,0,0,0,0,3,0,0,0,0,0,3,2,2,22407,19321,3086,690,615,282,16,317,0,75,0,0,75
PLST,LA,050,00,00,000,0000053,0500000US22103,22103,3,7,22,01629543,103,H1,01629503,35380,1,406,99999,2189206640,648444271,St. Tammany,St. Tammany Parish,A,264570,110370,+30.4100224,-089.9519622,15,22103,264570,242196,196641,34356,1184,3898,105,6012,22374,20803,2349,4012,1517,111,11589,296,141,9,562,15,2,66,49,60,25,1303,304,66,7,248,67,10,385,39,123,10,5,0,12,17,8,1,0,0,1,0,263,31,2,206,2,10,0,0,4,0,0,3,0,0,3,2,5,4,1,0,0,0,0,0,0,264570,20844,243726,232260,192144,33969,876,3814,105,1352,11466,10753,2213,3774,1411,107,2301,279,130,9,425,12,1,18,48,23,2,621,259,52,5,128,67,7,29,39,6,0,1,0,9,13,4,1,0,0,1,0,92,31,2,46,0,10,0,0,0,0,0,0,0,0,3,0,0,0,0,0,0,0,0,0,0,202228,187505,154621,24700,900,3051,76,4157,14723,13776,836,2937,800,67,8287,215,69,4,400,15,1,52,36,42,15,780,181,27,7,128,40,5,266,23,66,8,4,0,12,9,4,0,0,0,0,0,163,15,0,131,2,7,0,0,0,0,0,3,0,0,3,2,4,4,0,0,0,0,0,0,0,202228,14310,187918,180815,151674,24484,680,2990,76,911,7103,6677,779,2791,754,67,1609,198,68,4,330,12,0,14,35,16,0,365,160,22,5,73,40,5,23,23,0,0,0,0,9,5,0,0,0,0,0,0,61,15,0,36,0,7,0,0,0,0,0,0,0,0,3,0,0,0,0,0,0,0,0,0,0,110370,102005,8365,2523,1678,319,0,1227,132,845,110,0,735
PLST,LA,050,00,00,000,0000054,0500000US22105,22105,3,7,22,01629543,105,H1,00559500,25220,1,406,99999,2049124442,136690438,Tangipahoa,Tangipahoa Parish,A,133157,56685,+30.6213483,-090.4064899,15,22105,133157,125921,81336,40039,533,1003,24,2986,7236,6811,1216,1759,382,58,2937,184,25,19,150,8,1,44,14,12,2,376,112,4,0,64,24,4,113,15,12,7,0,3,10,5,2,0,0,0,0,1,30,0,0,25,0,1,0,3,0,0,0,0,1,0,0,0,19,5,14,0,0,0,0,0,0,133157,7242,125915,121345,79825,39770,409,942,23,376,4570,4358,1179,1666,375,44,751,177,21,19,95,6,0,11,14,0,0,189,95,0,0,35,10,4,10,10,3,5,0,3,10,2,2,0,0,0,0,0,20,0,0,16,0,1,0,3,0,0,0,0,0,0,0,0,3,0,3,0,0,0,0,0,0,101491,96714,65205,28327,421,824,24,1913,4777,4515,504,1299,220,43,2162,140,9,14,81,8,1,24,5,5,0,230,59,4,0,32,15,1,81,9,10,0,0,3,10,3,2,0,0,0,0,1,27,0,0,22,0,1,0,3,0,0,0,0,1,0,0,0,5,5,0,0,0,0,0,0,0,101491,4840,96651,93720,64198,28165,323,777,23,234,2931,2802,490,1242,214,37,599,133,5,14,50,6,0,7,5,0,0,109,48,0,0,25,5,1,9,4,2,0,0,3,10,0,2,0,0,0,0,0,20,0,0,16,0,1,0,3,0,0,0,0,0,0,0,0,0,0,0,0,0,0,0,0,0,56685,50961,5724,4469,1601,904,84,537,76,2868,2265,0,603
PLST,LA,050,00,00,000,0000055,0500000US22107,22107,3,7,22,01629543,107,H1,00559509,99999,9,999,99999,1561795836,99432220,Tensas,Tensas Parish,A,4147,2779,+32.0014894,-091.3425760,15,22107,4147,4020,1744,2250,0,6,1,19,127,101,33,19,6,0,18,4,0,0,10,0,2,1,1,4,3,22,8,0,0,0,0,0,4,2,3,1,0,0,0,1,2,0,0,1,0,0,3,0,0,3,0,0,0,0,0,0,0,0,0,0,0,0,1,1,0,0,0,0,0,0,0,4147,67,4080,3978,1728,2232,0,6,1,11,102,80,33,16,6,0,12,4,0,0,5,0,0,0,0,4,0,21,8,0,0,0,0,0,4,2,3,1,0,0,0,1,2,0,0,0,0,0,0,0,0,0,0,0,0,0,0,0,0,0,0,0,0,0,1,1,0,0,0,0,0,0,0,3235,3164,1446,1702,0,6,0,10,71,52,5,17,0,0,15,0,0,0,8,0,2,0,1,4,0,17,8,0,0,0,0,0,4,0,0,1,0,0,0,1,2,0,0,1,0,0,1,0,0,1,0,0,0,0,0,0,0,0,0,0,0,0,1,1,0,0,0,0,0,0,0,3235,46,3189,3134,1434,1692,0,6,0,2,55,38,5,15,0,0,9,0,0,0,5,0,0,0,0,4,0,16,8,0,0,0,0,0,4,0,0,1,0,0,0,1,2,0,0,0,0,0,0,0,0,0,0,0,0,0,0,0,0,0,0,0,0,0,1,1,0,0,0,0,0,0,0,2779,1766,1013,0,0,0,0,0,0,0,0,0,0
PLST,LA,050,00,00,000,0000056,0500000US22109,22109,3,7,22,01629543,109,H6,00559517,26380,1,999,99999,3185305317,2207679634,Terrebonne,Terrebonne Parish,A,109580,47321,+29.3341299,-090.8436739,15,22109,109580,102453,69934,21253,6070,1322,40,3834,7127,6648,975,2412,301,26,2215,470,31,3,122,27,9,48,6,3,0,437,176,12,4,52,39,0,98,19,20,4,0,0,5,2,0,6,0,0,0,0,40,8,4,15,3,0,0,0,2,0,3,3,0,0,2,0,2,0,1,0,0,1,0,0,0,109580,7358,102222,97301,68802,21059,5808,1294,39,299,4921,4627,965,2316,299,24,399,458,31,1,79,27,9,15,4,0,0,264,153,5,4,40,34,0,8,15,1,0,0,0,2,2,0,0,0,0,0,0,28,8,4,11,3,0,0,0,0,0,0,0,0,0,2,0,2,0,1,0,0,1,0,0,0,82505,78516,55631,15077,4239,1023,26,2520,3989,3739,304,1412,150,18,1521,209,7,1,55,16,9,28,6,3,0,218,73,7,4,23,13,0,62,11,14,4,0,0,5,2,0,0,0,0,0,0,30,6,4,15,3,0,0,0,2,0,0,0,0,0,0,0,2,0,1,0,0,1,0,0,0,82505,4701,77804,75246,54953,14964,4109,1007,26,187,2558,2409,302,1382,148,17,272,207,7,1,35,16,9,9,4,0,0,123,65,0,4,20,12,0,6,11,1,0,0,0,2,2,0,0,0,0,0,0,24,6,4,11,3,0,0,0,0,0,0,0,0,0,0,0,2,0,1,0,0,1,0,0,0,47321,41344,5977,1028,969,505,31,433,0,59,0,0,59
PLST,LA,050,00,00,000,0000057,0500000US22111,22111,3,7,22,01629543,111,H1,00559528,33740,1,384,99999,2271159651,73649840,Union,Union Parish,A,21107,10334,+32.8293486,-092.3756501,15,22111,21107,20308,14460,4995,77,38,10,728,799,749,158,245,21,5,280,23,5,0,4,0,0,8,0,0,0,46,13,3,0,12,0,1,7,1,0,0,0,1,2,4,0,1,0,0,0,1,4,0,0,3,0,0,0,1,0,0,0,0,0,0,0,0,0,0,0,0,0,0,0,0,0,21107,1135,19972,19402,14289,4980,59,38,6,30,570,536,155,229,21,5,99,22,5,0,0,0,0,0,0,0,0,33,6,3,0,9,0,0,5,1,0,0,0,1,2,4,0,1,0,0,0,1,1,0,0,0,0,0,0,1,0,0,0,0,0,0,0,0,0,0,0,0,0,0,0,0,0,16632,16125,11807,3754,58,31,3,472,507,476,63,186,7,5,191,14,5,0,2,0,0,3,0,0,0,31,6,3,0,7,0,0,7,0,0,0,0,1,2,4,0,0,0,0,0,1,0,0,0,0,0,0,0,0,0,0,0,0,0,0,0,0,0,0,0,0,0,0,0,0,0,16632,709,15923,15541,11699,3743,48,31,3,17,382,354,63,179,7,5,82,13,5,0,0,0,0,0,0,0,0,28,5,3,0,7,0,0,5,0,0,0,0,1,2,4,0,0,0,0,0,1,0,0,0,0,0,0,0,0,0,0,0,0,0,0,0,0,0,0,0,0,0,0,0,0,0,10334,8759,1575,413,413,150,0,262,1,0,0,0,0
PLST,LA,050,00,00,000,0000058,0500000US22113,22113,3,7,22,01629543,113,H1,00559538,29180,1,318,99999,3039634850,954699331,Vermilion,Vermilion Parish,A,57359,25741,+29.7897222,-092.2915678,15,22113,57359,54848,44477,7931,195,1263,13,969,2511,2384,668,406,151,29,989,15,10,7,90,6,0,2,5,6,0,115,28,12,0,34,5,0,20,4,2,2,0,0,6,1,0,1,0,0,0,0,11,1,0,6,0,0,0,0,0,0,3,0,0,0,0,1,1,0,0,0,0,1,0,0,0,57359,2296,55063,53482,44020,7859,171,1253,9,170,1581,1510,648,383,149,22,203,14,10,5,60,6,0,2,2,6,0,60,26,10,0,8,5,0,0,4,0,0,0,0,6,1,0,0,0,0,0,0,10,1,0,6,0,0,0,0,0,0,3,0,0,0,0,0,1,0,0,0,0,1,0,0,0,43012,41587,34363,5484,161,949,7,623,1425,1346,194,308,68,13,694,14,0,4,39,0,0,2,5,5,0,77,21,2,0,22,3,0,17,4,2,0,0,0,6,0,0,0,0,0,0,0,2,1,0,0,0,0,0,0,0,0,0,0,0,0,0,1,0,0,0,0,0,0,0,0,0,43012,1496,41516,40718,34080,5446,145,945,3,99,798,757,187,286,66,13,155,14,0,4,23,0,0,2,2,5,0,40,19,0,0,8,3,0,0,4,0,0,0,0,6,0,0,0,0,0,0,0,1,1,0,0,0,0,0,0,0,0,0,0,0,0,0,0,0,0,0,0,0,0,0,0,0,25741,22195,3546,551,516,0,0,516,0,35,0,0,35
PLST,LA,050,00,00,000,0000059,0500000US22115,22115,3,7,22,01629543,115,H1,00559548,22860,2,217,99999,3436185697,35140846,Vernon,Vernon Parish,A,48750,21953,+31.1028407,-093.1883300,15,22115,48750,44667,35087,6491,566,888,301,1334,4083,3800,714,978,409,73,1284,68,60,10,92,9,0,16,56,14,17,251,67,41,7,13,17,6,34,24,21,1,10,5,4,0,1,0,0,0,0,0,29,5,1,8,6,3,0,3,1,0,0,0,0,0,2,0,3,3,0,0,0,0,0,0,0,48750,4175,44575,41833,33599,6325,484,862,289,274,2742,2556,676,912,400,64,273,55,58,10,41,9,0,0,56,0,2,172,55,37,7,8,17,5,0,23,8,0,6,5,1,0,0,0,0,0,0,0,13,5,1,1,0,1,0,3,0,0,0,0,0,0,2,0,1,1,0,0,0,0,0,0,0,36261,33851,26765,4695,427,752,206,1006,2410,2290,260,700,233,26,882,35,28,3,50,6,0,6,42,10,9,101,28,8,0,1,9,6,21,13,9,0,6,0,0,0,0,0,0,0,0,0,18,0,1,8,6,3,0,0,0,0,0,0,0,0,0,0,1,1,0,0,0,0,0,0,0,36261,2740,33521,31935,25822,4621,377,730,198,187,1586,1506,245,663,229,26,202,35,28,3,25,6,0,0,42,0,2,77,28,8,0,1,9,5,0,13,8,0,5,0,0,0,0,0,0,0,0,0,3,0,1,1,0,1,0,0,0,0,0,0,0,0,0,0,0,0,0,0,0,0,0,0,0,21953,18761,3192,1731,326,103,0,207,16,1405,0,1381,24
PLST,LA,050,00,00,000,0000060,0500000US22117,22117,3,7,22,01629543,117,H1,00559557,14220,2,406,99999,1734352072,16140411,Washington,Washington Parish,A,45463,21341,+30.8521435,-090.0462534,15,22117,45463,43664,29943,12858,143,164,0,556,1799,1700,395,573,36,4,574,54,11,2,40,0,0,7,2,2,0,79,25,4,0,17,9,0,13,2,0,0,0,0,3,6,0,0,0,0,0,0,18,0,0,6,1,0,0,0,1,0,0,0,0,0,10,0,2,0,2,0,0,0,0,0,0,45463,1410,44053,42721,29588,12758,134,161,0,80,1332,1254,384,522,34,3,238,45,3,0,21,0,0,0,2,2,0,65,25,4,0,15,9,0,3,0,0,0,0,0,3,6,0,0,0,0,0,0,11,0,0,0,1,0,0,0,0,0,0,0,0,0,10,0,2,0,2,0,0,0,0,0,0,34951,33839,23743,9481,120,125,0,370,1112,1058,133,425,16,3,388,41,11,0,30,0,0,7,2,2,0,42,8,4,0,3,7,0,9,2,0,0,0,0,3,6,0,0,0,0,0,0,10,0,0,5,1,0,0,0,0,0,0,0,0,0,4,0,2,0,2,0,0,0,0,0,0,34951,901,34050,33218,23518,9426,113,122,0,39,832,793,133,392,16,3,184,41,3,0,17,0,0,0,2,2,0,32,8,4,0,1,7,0,3,0,0,0,0,0,3,6,0,0,0,0,0,0,5,0,0,0,1,0,0,0,0,0,0,0,0,0,4,0,2,0,2,0,0,0,0,0,0,21341,17944,3397,1756,1710,1454,0,256,0,46,0,0,46
PLST,LA,050,00,00,000,0000061,0500000US22119,22119,3,7,22,01629543,119,H1,00559567,33380,2,508,99999,1536612362,56022945,Webster,Webster Parish,A,36967,18236,+32.7321522,-093.3398245,15,22119,36967,35547,22735,12185,149,138,12,328,1420,1355,371,530,56,7,311,45,0,0,25,0,1,6,3,0,0,59,37,7,2,0,6,0,1,5,0,0,0,0,0,1,0,0,0,0,0,0,3,2,0,1,0,0,0,0,0,0,0,0,0,0,0,0,3,0,1,2,0,0,0,0,0,36967,688,36279,35058,22554,12142,136,138,12,76,1221,1172,359,517,56,6,172,42,0,0,16,0,1,0,3,0,0,47,27,7,2,0,4,0,1,5,0,0,0,0,0,1,0,0,0,0,0,0,2,2,0,0,0,0,0,0,0,0,0,0,0,0,0,0,0,0,0,0,0,0,0,0,0,28753,27830,18144,9220,136,110,8,212,923,884,166,415,36,7,206,30,0,0,15,0,1,5,3,0,0,33,24,0,2,0,4,0,1,1,0,0,0,0,0,1,0,0,0,0,0,0,3,2,0,1,0,0,0,0,0,0,0,0,0,0,0,0,3,0,1,2,0,0,0,0,0,28753,434,28319,27497,18023,9183,124,110,8,49,822,793,166,407,36,6,134,30,0,0,10,0,1,0,3,0,0,27,20,0,2,0,2,0,1,1,0,0,0,0,0,1,0,0,0,0,0,0,2,2,0,0,0,0,0,0,0,0,0,0,0,0,0,0,0,0,0,0,0,0,0,0,0,18236,15684,2552,404,258,0,0,258,0,146,0,56,90
PLST,LA,050,00,00,000,0000062,0500000US22121,22121,3,7,22,01629543,121,H1,00559570,12940,1,999,99999,498174685,29604699,West Baton Rouge,West Baton Rouge Parish,A,27199,11496,+30.4640516,-091.3098080,15,22121,27199,25962,14307,10754,85,220,10,586,1237,1151,261,217,44,11,502,43,7,3,51,3,3,0,5,1,0,78,19,2,2,14,2,2,19,6,0,0,0,1,1,4,4,0,2,0,0,0,8,2,0,2,0,0,0,0,4,0,0,0,0,0,0,0,0,0,0,0,0,0,0,0,0,27199,1244,25955,25184,14114,10714,59,219,8,70,771,722,260,205,44,11,96,43,7,3,41,3,3,0,5,1,0,47,19,2,2,13,0,2,0,5,0,0,0,1,1,2,0,0,0,0,0,0,2,0,0,2,0,0,0,0,0,0,0,0,0,0,0,0,0,0,0,0,0,0,0,0,0,20526,19723,11146,7922,62,177,10,406,803,755,108,147,19,9,378,33,5,3,48,0,0,0,4,1,0,44,12,0,0,7,2,2,8,4,0,0,0,0,1,2,4,0,2,0,0,0,4,2,0,2,0,0,0,0,0,0,0,0,0,0,0,0,0,0,0,0,0,0,0,0,0,20526,871,19655,19193,11021,7899,43,177,8,45,462,435,107,138,19,9,75,33,5,3,41,0,0,0,4,1,0,25,12,0,0,6,0,2,0,4,0,0,0,0,1,0,0,0,0,0,0,0,2,0,0,2,0,0,0,0,0,0,0,0,0,0,0,0,0,0,0,0,0,0,0,0,0,11496,10338,1158,613,613,517,0,96,0,0,0,0,0
PLST,LA,050,00,00,000,0000063,0500000US22123,22123,3,7,22,01629543,123,H1,00559578,99999,9,999,99999,931582171,2386489,West Carroll,West Carroll Parish,A,9751,4656,+32.7924797,-091.4519982,15,22123,9751,9421,7894,1341,37,14,5,130,330,306,61,138,5,3,83,4,2,1,2,0,0,3,0,0,4,17,4,2,0,2,3,0,2,0,2,0,0,0,0,2,0,0,0,0,0,0,6,0,0,1,2,0,0,0,3,0,0,0,0,0,0,0,1,1,0,0,0,0,0,0,0,9751,325,9426,9187,7799,1338,37,13,0,0,239,231,58,123,4,0,38,4,2,1,1,0,0,0,0,0,0,5,0,0,0,0,3,0,0,0,2,0,0,0,0,0,0,0,0,0,0,0,2,0,0,0,2,0,0,0,0,0,0,0,0,0,0,0,1,1,0,0,0,0,0,0,0,7532,7344,6223,988,31,11,5,86,188,174,11,102,4,0,48,0,0,1,1,0,0,3,0,0,4,8,0,2,0,2,0,0,0,0,2,0,0,0,0,2,0,0,0,0,0,0,5,0,0,0,2,0,0,0,3,0,0,0,0,0,0,0,1,1,0,0,0,0,0,0,0,7532,192,7340,7192,6165,985,31,11,0,0,148,143,11,97,4,0,29,0,0,1,1,0,0,0,0,0,0,2,0,0,0,0,0,0,0,0,2,0,0,0,0,0,0,0,0,0,0,0,2,0,0,0,2,0,0,0,0,0,0,0,0,0,0,0,1,1,0,0,0,0,0,0,0,4656,4084,572,49,39,0,0,39,0,10,0,0,10
PLST,LA,050,00,00,000,0000064,0500000US22125,22125,3,7,22,01629543,125,H1,00559584,12940,1,999,99999,1044584261,58751920,West Feliciana,West Feliciana Parish,A,15310,5036,+30.8733639,-091.4217760,15,22125,15310,14859,10883,3618,99,30,5,224,451,401,55,123,46,5,137,13,11,4,5,0,0,0,0,0,2,43,6,8,1,3,8,0,3,4,1,0,0,3,6,0,0,0,0,0,0,0,6,0,0,5,0,0,1,0,0,0,0,0,0,0,0,0,1,1,0,0,0,0,0,0,0,15310,651,14659,14336,10585,3589,95,30,5,32,323,285,55,123,44,5,33,9,5,4,5,0,0,0,0,0,2,34,6,8,1,0,5,0,0,4,1,0,0,3,6,0,0,0,0,0,0,0,3,0,0,3,0,0,0,0,0,0,0,0,0,0,0,0,1,1,0,0,0,0,0,0,0,12783,12507,9283,2902,91,26,5,200,276,261,16,83,29,5,107,9,4,4,2,0,0,0,0,0,2,11,0,0,1,3,0,0,0,1,0,0,0,0,6,0,0,0,0,0,0,0,4,0,0,3,0,0,1,0,0,0,0,0,0,0,0,0,0,0,0,0,0,0,0,0,0,12783,572,12211,12021,9001,2876,91,26,5,22,190,179,16,83,27,5,27,9,4,4,2,0,0,0,0,0,2,8,0,0,1,0,0,0,0,1,0,0,0,0,6,0,0,0,0,0,0,0,3,0,0,3,0,0,0,0,0,0,0,0,0,0,0,0,0,0,0,0,0,0,0,0,0,5036,3897,1139,5400,5400,5284,0,116,0,0,0,0,0
PLST,LA,050,00,00,000,0000065,0500000US22127,22127,3,7,22,01629543,127,H1,00559594,99999,9,999,99999,2460497667,17449604,Winn,Winn Parish,A,13755,6339,+31.9411871,-092.6412694,15,22127,13755,13261,8594,3525,77,173,20,872,494,437,139,172,23,4,60,7,4,1,13,1,0,11,2,0,0,50,10,3,4,7,1,0,3,7,0,5,3,0,3,4,0,0,0,0,0,0,3,0,0,3,0,0,0,0,0,0,0,0,0,0,0,0,4,0,1,0,0,3,0,0,0,13755,1023,12732,12306,8498,3518,77,172,16,25,426,391,136,166,22,4,34,7,4,0,13,0,0,4,1,0,0,34,10,0,4,0,1,0,0,4,0,5,3,0,3,4,0,0,0,0,0,0,0,0,0,0,0,0,0,0,0,0,0,0,0,0,0,0,1,0,1,0,0,0,0,0,0,10906,10592,6932,2591,57,163,17,832,314,289,66,138,4,0,52,6,4,1,6,0,0,11,1,0,0,24,10,3,4,0,1,0,1,1,0,1,3,0,0,0,0,0,0,0,0,0,0,0,0,0,0,0,0,0,0,0,0,0,0,0,0,0,1,0,1,0,0,0,0,0,0,10906,941,9965,9695,6860,2590,57,163,16,9,270,250,64,134,3,0,28,6,4,0,6,0,0,4,1,0,0,19,10,0,4,0,1,0,0,0,0,1,3,0,0,0,0,0,0,0,0,0,0,0,0,0,0,0,0,0,0,0,0,0,0,0,0,0,1,0,1,0,0,0,0,0,0,6339,5181,1158,1501,1429,1322,0,107,0,72,0,0,72
